city_code,province_code,lat,long,first_checkin,last_checkin,positive_checkins,positive_rows,total_searches,mean_demand_positive,median_demand_positive,p90_demand_positive,active_span_days,positive_checkin_rate,city_share_all_history,is_one_off_anomaly,city_reliability,fit_eligible,completion_D30,completion_D21,completion_D14,completion_D7,completion_D3,completion_D1,recent_90_total,previous_90_total,recent_90_share_platform,recent_growth_90_vs_prev90,log_recent_growth_90,mean_daily_demand_365,median_daily_demand_365,std_daily_demand_365,demand_cv_365,weekday_index_mon,weekday_index_tue,weekday_index_wed,weekday_index_thu,weekday_index_fri,weekday_index_sat,weekday_index_sun,weekend_index_365,holiday_index_365,log_total_searches,log_recent_90_total,snapshot_cutoff
1011,149,35.881989,52.16975,2023-11-01,2025-11-21,752.0,17446.0,238606.0,317.29521276595744,192.0,740.0,752.0,1.0,0.0008397768927282176,False,reliable,1,0.025682505888368273,0.06074449091808253,0.12092738657032932,0.27118345724751264,0.5285617293781381,0.8353268568267352,19794.0,40102.0,0.00048658589809464525,0.4936039697778221,-0.7060217639236601,306.36164383561646,180.0,313.1868024838174,1.0222781108064007,0.6688927319930164,0.7445951188908746,1.227495999823896,2.3851901304683403,0.7599847871431786,0.6149720434811919,0.6034848653698254,1.5648483857423063,2.48625218926233,12.382573126019464,9.89318465954023,2025-11-21
1013,289,37.102367,58.510872,2024-12-30,2025-11-18,11.0,11.0,28.0,2.5454545454545454,3.0,3.0,327.0,0.03363914373088685,9.854636093136841e-08,False,sparse,0,0.0,0.0,0.03571428571428571,0.14285714285714285,0.6785714285714286,0.8571428571428571,8.0,0.0,1.966599567928242e-07,9.0,2.1972245773362196,0.0856269113149847,0.0,0.4751572115787339,5.549157435223071,0.7454407294832827,1.4908814589665653,1.2424012158054711,0.7454407294832827,0.7454407294832827,2.031055900621118,0.0,0.7454407294832827,0.0,3.367295829986474,2.1972245773362196,2025-11-21
1053,149,36.721233,51.115971,2023-11-01,2025-11-21,752.0,22756.0,698994.0,929.5132978723404,623.5,2096.7,752.0,1.0,0.0024601183933164617,False,reliable,1,0.045621278580359775,0.09575761737582869,0.16737625787918065,0.3301573404063554,0.5661793949590411,0.8093774767737635,136474.0,106754.0,0.003354871367917986,1.2783944545922907,0.24560495824847628,1030.3424657534247,704.0,950.2150453423699,0.9222322450308184,0.8484856232645903,0.9306465056581389,1.2147006785675936,1.4819755163403372,0.8477489059664183,0.8403852545779023,0.8389854212795116,1.1618420844373114,2.0934040366334457,13.457398868114542,11.823896726649958,2025-11-21
1054,289,37.444752,59.105713,2023-11-01,2025-11-21,744.0,7009.0,52508.0,70.5752688172043,20.0,123.0,752.0,0.9893617021276596,0.00018480258284943904,False,reliable,1,0.02706254285061324,0.058333968157233185,0.11754399329625961,0.288546507198903,0.6085548868743811,0.8906642797288032,3456.0,9048.0,8.495710133450006e-05,0.3820311636644933,-0.9622530934295082,90.45479452054795,24.0,258.3710940953676,2.856355989363011,0.6743700024230675,0.9203492246183668,1.4507884289202437,2.252931562319435,0.6397441377765383,0.55914032357272,0.5096043177200797,1.4386560051692108,6.018731011537529,10.868739862458945,8.148156439921625,2025-11-21
1120,987,35.691353,50.840694,2023-11-01,2025-11-21,751.0,6727.0,29199.0,38.880159786950735,27.0,72.0,752.0,0.9986702127659575,0.00010276625688696523,False,reliable,1,0.05061817185520052,0.10092811397650604,0.16555361484982362,0.31031884653584024,0.5380321243878216,0.8199595876571115,3894.0,6197.0,9.572423396890718e-05,0.6284285253307519,-0.46453298004284527,45.61095890410959,31.0,51.45943553854927,1.1282252505748729,0.7268833401101542,0.8820417328946883,1.2003694137433927,2.062594721472665,0.8298237422139211,0.6800828466343845,0.6214768232728348,1.440338893846823,2.2683482423391124,10.281923988256374,8.267448958304849,2025-11-21
1156,149,36.516186,52.574413,2025-01-11,2025-01-11,1.0,1.0,2.0,2.0,2.0,2.0,315.0,0.0031746031746031746,7.03902578081203e-09,True,one_off_anomaly,0,0.0,0.0,0.0,0.0,0.0,0.0,0.0,0.0,,,,0.006349206349206349,0.0,0.1126872339638022,17.748239349298846,0.0,0.0,0.0,0.0,0.0,7.0,0.0,0.0,0.0,1.0986122886681098,0.0,2025-11-21
1173,987,35.814018,52.513824,2023-11-01,2025-11-20,623.0,2693.0,8931.0,14.335473515248797,7.0,34.0,752.0,0.8284574468085106,3.1432769624216116e-05,False,reliable,1,0.022617847945358864,0.05497704624342179,0.1153286306124734,0.2618967640801702,0.5520098533198969,0.8729145672377113,714.0,3466.0,1.755190114375956e-05,0.2062301701759446,-1.5787624029910168,14.624657534246575,6.0,29.954708397359784,2.048233151936366,0.6022494740179267,0.7087608438769922,1.4753797158255757,2.368234285384904,0.7689262461384025,0.5154624319105399,0.5654307288814595,1.5609645131938126,2.850822837709312,9.097395612960048,6.5722825426940075,2025-11-21
1177,149,36.237915,53.539406,2023-11-01,2025-11-21,752.0,12140.0,83278.0,110.74202127659575,64.0,253.79999999999995,752.0,1.0,0.0002930979944872321,False,reliable,1,0.03669636638728115,0.08801844424698,0.16637046999207475,0.348483392972934,0.6000864574077187,0.8442445784000576,13438.0,18561.0,0.0003303395624227464,0.7240060338325611,-0.32295555260827413,134.96986301369864,80.0,170.79444837219216,1.2654265519618815,0.6930322032627975,0.8323795500537137,1.3166756970295048,1.8638063838159242,0.9033463143510205,0.7550118513753217,0.6376067248357358,1.379002729705068,3.238899680215854,11.32995169553184,9.505916206547065,2025-11-21
1183,987,35.702908,51.349758,2023-11-01,2025-11-21,752.0,45120.0,30084842.0,40006.438829787236,36663.5,57129.7,752.0,1.0,0.10588398922482826,False,reliable,1,0.08874206485777789,0.1646039224670018,0.2546007055646162,0.41756513130432926,0.6234241482803865,0.8339325165809414,3849094.0,3420145.0,0.09462033246643986,1.12541833009468,0.11815481551073681,39558.62739726027,35877.0,14455.395092054008,0.3654170036510203,0.9051147248937642,0.9647754439107644,1.1020177028520186,1.4261748433333297,0.8884639687163103,0.8595397205519938,0.8560585194203519,1.1547588780504532,1.4923935016417484,17.219532048075525,15.16334861369681,2025-11-21
1209,289,36.482105,59.159492,2023-11-02,2025-11-21,279.0,972.0,2110.0,7.562724014336918,4.0,15.0,751.0,0.3715046604527297,7.426172198756691e-06,False,reliable,1,0.031279620853080566,0.06777251184834124,0.14170616113744075,0.2838862559241706,0.566350710900474,0.8535545023696682,518.0,619.0,1.2733732202335367e-05,0.8370967741935483,-0.17781559487324916,5.742465753424658,3.0,12.47016128503499,2.1715691169073335,0.7334024515560775,1.2089419406928947,1.3361989870816207,1.9523910011743981,0.6341369004752988,0.5592612301820317,0.5827033176746917,1.286986550345329,4.387019230769231,7.65491704784832,6.251903883165888,2025-11-21
1224,987,35.4832,51.079914,2023-11-01,2025-11-21,752.0,8122.0,25655.0,34.1156914893617,30.0,54.0,752.0,1.0,9.029310320336631e-05,False,reliable,1,0.05106217111674138,0.11105047748976808,0.1861235626583512,0.33962190606119663,0.5499902553108555,0.7867082440070162,3336.0,4106.0,8.200720198260768e-05,0.8125152179206233,-0.2076206352051848,37.87671232876713,33.0,22.321049793564775,0.589308005399721,0.8362150507720127,0.899172346640701,1.1393239671720683,1.565808874669634,0.8632774915554947,0.8550006955070246,0.8438308526916121,1.2111977955739255,1.4480178049798302,10.15253274137299,8.112827478751374,2025-11-21
1239,929,35.95195,50.604534,2023-11-01,2025-11-21,739.0,3305.0,10876.0,14.717185385656292,10.0,26.0,752.0,0.9827127659574468,3.8278222196055814e-05,False,reliable,1,0.03631849944832659,0.08606105185730048,0.14885987495402722,0.3092129459360059,0.5524089738874586,0.8226369988966532,1141.0,3267.0,2.804862633757655e-05,0.34944920440636473,-1.051397065763937,18.34794520547945,12.0,28.28751573734244,1.5417266304509467,0.8122896589747418,1.035538300731671,1.2451614385316043,1.5470187569635083,0.8010767986792171,0.7944716922617475,0.7682688000367559,1.1704956732581042,1.356261701565569,9.294405747093851,7.040536390215956,2025-11-21
1265,987,35.603191,51.438709,2024-11-27,2025-11-21,311.0,4475.0,18225.0,58.60128617363344,56.0,90.0,360.0,0.8638888888888889,6.414312242764961e-05,False,reliable,1,0.08729766803840878,0.17223593964334705,0.26463648834019204,0.42200274348422495,0.6156927297668039,0.8176680384087791,5450.0,5525.0,0.00013397459556511147,0.9864277958740499,-0.013665148419081063,50.625,52.0,30.67841896141561,0.6059934609662343,0.9849431130476881,1.1069474703461633,1.1031339031339031,1.2129154795821462,0.7737891737891738,0.9276204308884047,0.8888888888888888,0.9933523266856601,1.3622032288698958,9.810604425056072,8.603554357064281,2025-11-21
1297,424,33.054802,51.081459,2023-11-11,2025-11-20,450.0,757.0,1533.0,3.4066666666666667,2.0,8.0,742.0,0.6064690026954178,5.3954132609924205e-06,False,reliable,1,0.0365296803652968,0.09980430528375733,0.20808871493803,0.4142204827136334,0.680365296803653,0.8949771689497716,138.0,243.0,3.3923842546762175e-06,0.569672131147541,-0.5626942921625107,2.2246575342465755,1.0,3.762005720222713,1.6910493693119335,1.1324128457749145,1.1324128457749145,1.3485221674876846,1.460899014778325,0.6276140905288594,0.5791729821902235,0.7261273209549071,1.0402885292047854,3.0255305039787794,7.335633981927201,4.9344739331306915,2025-11-21
1299,424,32.37582,51.191242,2023-11-01,2025-11-21,752.0,21712.0,531395.0,706.6422872340426,379.5,1601.9,752.0,1.0,0.0018702515523973042,False,reliable,1,0.03056295222950912,0.06890731000479869,0.13253417890646318,0.303935866916324,0.5944673924293604,0.8690710300247462,73988.0,117254.0,0.0018188096103984345,0.6310093386209543,-0.4604346168341866,803.0027397260274,455.0,1004.0519542909869,1.2503717666437286,0.6309969849731566,0.7834296481488869,1.2396260033467639,2.4087713581898083,0.704619415056745,0.6736014952307567,0.5646354909181764,1.548580377370262,2.928718813053639,13.183262784993106,11.211671712488354,2025-11-21
1307,149,37.06598,50.394095,2023-11-01,2025-11-21,475.0,3997.0,15261.0,32.12842105263158,5.0,71.60000000000002,752.0,0.6316489361702128,5.371128622048619e-05,False,reliable,1,0.07542100779765415,0.1545770264071817,0.2538496821964485,0.438962060153332,0.6780682786187012,0.8852630889194679,272.0,6209.0,6.686438530956022e-06,0.04396135265700483,-3.124444379742564,40.47671232876712,9.0,79.13764354922483,1.955140103930355,0.9421371744540826,1.0300319688433943,1.1701885328695942,1.2671103601961868,0.827869459606499,0.874671980922827,0.8913007258072915,1.0453982865652016,3.4863351417771344,9.633121357849578,5.60947179518496,2025-11-21
1317,754,37.033165,50.337051,2023-11-01,2025-11-21,742.0,7620.0,34955.0,47.10916442048517,26.0,112.89999999999998,752.0,0.9867021276595744,0.00012302457308414224,False,reliable,1,0.07523959376341009,0.14976398226290946,0.23982262909455013,0.4335288227721356,0.6933485910456301,0.8978400801029895,5789.0,6503.0,0.0001423080612342074,0.8902214022140221,-0.11628508066060483,52.85753424657534,29.0,62.80277413425539,1.1881517938632258,0.8015013416583934,0.9568536216802428,1.2530052749303253,1.5906327125422135,0.8766890718991833,0.7742146414203637,0.7494746998712167,1.2302611605985887,2.7657799361266937,10.461845406747434,8.663887570567042,2025-11-21
1370,929,35.984295,50.741203,2023-11-08,2025-10-23,55.0,55.0,68.0,1.2363636363636363,1.0,1.6000000000000014,745.0,0.0738255033557047,2.39326876547609e-07,False,sparse,0,0.1323529411764706,0.2647058823529412,0.36764705882352944,0.5294117647058824,0.7058823529411765,0.9117647058823529,11.0,8.0,2.704074405901333e-07,1.3333333333333333,0.2876820724517808,0.057534246575342465,0.0,0.4441060313632103,7.718985783217703,2.33974358974359,0.0,0.0,2.33974358974359,0.3279424977538185,1.0027472527472527,1.0027472527472527,1.324263038548753,0.0,4.23410650459726,2.4849066497880004,2025-11-21
1371,289,35.278458,59.21302,2023-11-01,2025-11-21,752.0,6209.0,18031.0,23.977393617021278,21.0,42.89999999999998,752.0,1.0,6.346033692691086e-05,False,reliable,1,0.07198713327047862,0.13765182186234817,0.23348677278021185,0.41650490821363206,0.619211358216405,0.8135988020631135,2003.0,2777.0,4.9238736682003355e-05,0.7213822894168467,-0.32658606110953414,25.898630136986302,22.0,17.492011466703502,0.6754029604725249,1.0202499816907942,1.041041102132819,1.1175227237588392,1.2638031068688003,0.7911833919151153,0.862831498344034,0.9073838992912303,1.0252426793207499,1.9068427605399996,9.799903236279558,7.602900462204755,2025-11-21
1402,289,35.476524,58.461693,2023-11-02,2025-11-17,316.0,470.0,1178.0,3.7278481012658227,2.0,8.0,751.0,0.4207723035952064,4.145986184898286e-06,False,reliable,1,0.011035653650254669,0.044142614601018676,0.09422750424448217,0.2775891341256367,0.5492359932088285,0.8514431239388794,76.0,166.0,1.8682695895318298e-06,0.46107784431137727,-0.7741883905630713,1.4794520547945205,0.0,2.655647046840516,1.7950206890681266,0.7149216524216525,1.091880341880342,1.3258547008547008,1.9757834757834758,0.38259958071278827,0.8579059829059829,0.6629273504273504,1.171604938271605,3.2756410256410255,7.072421900537371,4.343805421853684,2025-11-21
1460,424,33.527657,52.217327,2023-11-01,2025-08-23,644.0,6857.0,22578.0,35.059006211180126,21.0,73.0,752.0,0.8563829787234043,7.9463562039587e-05,False,reliable,1,0.08991053237664984,0.1587828859952166,0.26388519798033483,0.4593409513685889,0.6924882629107981,0.8766498361236602,0.0,1324.0,0.0,0.0007547169811320754,-7.1891677384203225,20.65753424657534,11.0,41.80548204563836,2.023740178601857,1.041713425831463,0.9718934911242604,1.0994312385227505,1.0798816568047338,0.8192908262849707,1.0286803713527852,0.9625841664966334,0.9483453328280915,4.192919812283208,10.024775549743328,0.0,2025-11-21
1494,149,36.428494,53.135076,2025-01-11,2025-01-11,1.0,1.0,2.0,2.0,2.0,2.0,315.0,0.0031746031746031746,7.03902578081203e-09,True,one_off_anomaly,0,0.0,0.0,0.0,0.0,0.0,0.0,0.0,0.0,,,,0.006349206349206349,0.0,0.1126872339638022,17.748239349298846,0.0,0.0,0.0,0.0,0.0,7.0,0.0,0.0,0.0,1.0986122886681098,0.0,2025-11-21
1496,149,36.691429,51.262627,2023-11-01,2025-11-21,752.0,15738.0,211797.0,281.6449468085106,191.5,577.8,752.0,1.0,0.0007454222716493228,False,reliable,1,0.05501966505663442,0.11425091006954773,0.19458254838359373,0.3667662903629419,0.6118641907109166,0.8452055505979783,28276.0,37594.0,0.0006950946172842371,0.7521478920069158,-0.2848223094654898,309.8876712328767,221.0,328.26727248196516,1.0593105275081318,0.8703525938560286,0.957046538498943,1.198200918514952,1.4883805070262381,0.8497905760297673,0.8141908043772618,0.824926704465468,1.1660446370946862,2.3690966576148127,12.263388269234227,10.249804032346637,2025-11-21
1524,490,25.883463,55.029854,2025-01-11,2025-11-21,278.0,1359.0,3269.0,11.758992805755396,5.0,26.0,315.0,0.8825396825396825,1.1505287638737262e-05,False,reliable,1,0.207096971550933,0.3799327011318446,0.5160599571734475,0.7338635668400122,0.8874273478127868,0.9694096053839094,410.0,277.0,1.007882278563224e-05,1.4784172661870503,0.3909721008055973,10.377777777777778,5.0,18.85547145958432,1.8169083847565188,1.0728051391862954,1.1434689507494646,1.1498929336188437,0.9978586723768736,0.6830835117773019,0.9743040685224839,0.9785867237687366,0.8404710920770877,2.8599571734475373,8.0925452638913,6.018593214496234,2025-11-21
1553,149,36.581875,52.814819,2025-01-11,2025-01-11,1.0,1.0,2.0,2.0,2.0,2.0,315.0,0.0031746031746031746,7.03902578081203e-09,True,one_off_anomaly,0,0.0,0.0,0.0,0.0,0.0,0.0,0.0,0.0,,,,0.006349206349206349,0.0,0.1126872339638022,17.748239349298846,0.0,0.0,0.0,0.0,0.0,7.0,0.0,0.0,0.0,1.0986122886681098,0.0,2025-11-21
1572,289,35.6892,51.389,2023-11-01,2025-11-21,741.0,4435.0,15126.0,20.412955465587043,13.0,42.0,752.0,0.9853723404255319,5.323615198028138e-05,False,reliable,1,0.14260214200714003,0.2720481290493191,0.4188813962713209,0.6540394023535634,0.8668517783948169,0.9701176781700384,870.0,1187.0,2.1386770301219632e-05,0.7331649831649831,-0.3103845230700877,14.98904109589041,11.0,18.121533860647457,1.208985534479313,1.0238249230206826,1.0571826272795017,1.1072191836677305,1.098238263290356,0.8320544345313022,0.9327327306215992,0.9519775600016873,0.9638788068691194,3.16384995008647,9.6242365055622,6.769641976852503,2025-11-21
1629,424,32.64008,51.500107,2025-01-11,2025-01-11,1.0,1.0,2.0,2.0,2.0,2.0,315.0,0.0031746031746031746,7.03902578081203e-09,True,one_off_anomaly,0,0.0,0.0,0.0,0.0,0.0,0.0,0.0,0.0,,,,0.006349206349206349,0.0,0.1126872339638022,17.748239349298846,0.0,0.0,0.0,0.0,0.0,7.0,0.0,0.0,0.0,1.0986122886681098,0.0,2025-11-21
1638,149,36.573074,52.015881,2023-11-01,2025-11-21,752.0,34888.0,3152279.0,4191.860372340426,2804.0,8801.199999999999,752.0,1.0,0.011094486574656183,False,reliable,1,0.05822485890366938,0.1164325873439502,0.1984725971273482,0.37742820353147677,0.6304727468602874,0.860334063069925,542252.0,527513.0,0.013329906861352813,1.0279404906789205,0.027557276912741457,4744.8410958904105,3401.0,4680.030546293533,0.9863408387579068,0.8555607907535625,0.9614490737896867,1.2276612798166995,1.4137783985988266,0.8622194625581897,0.8515321237805125,0.830448496422558,1.1353724594545052,2.361098767088661,14.963636558501845,13.203487961177274,2025-11-21
1668,424,31.93313,51.654179,2023-11-03,2025-11-20,553.0,1177.0,2605.0,4.710669077757685,3.0,9.0,750.0,0.7373333333333333,9.168331079507669e-06,False,reliable,1,0.07024952015355086,0.1255278310940499,0.18042226487523993,0.3381957773512476,0.5896353166986564,0.8487523992322457,283.0,508.0,6.956845971546156e-06,0.5579567779960707,-0.5834737783893162,3.926027397260274,2.0,5.663407397573979,1.4425287509522,0.70535187073917,0.9796553760266252,1.2686537119544796,1.8368538300499222,0.802578045793888,0.6759622094583714,0.7347415320199688,1.3147908151397336,2.860593697997745,7.8655717576847906,5.648974238161206,2025-11-21
1675,149,36.642227,53.203712,2023-11-01,2025-11-20,380.0,613.0,1135.0,2.986842105263158,2.0,7.0,752.0,0.5053191489361702,3.994647130610827e-06,False,reliable,1,0.05726872246696035,0.10308370044052863,0.21938325991189428,0.4185022026431718,0.654625550660793,0.8458149779735683,124.0,192.0,3.048229330288775e-06,0.6476683937823834,-0.4343764516025841,1.6904109589041096,1.0,2.6488730956394715,1.5669994812129775,0.7167123800024934,1.2058970203216555,1.0466276025433237,1.4903066949258197,0.870615577505275,0.8759817977808253,0.7963470888916594,1.1775102261325925,2.207019074928313,7.035268599281097,4.8283137373023015,2025-11-21
1751,424,32.393505,51.33535,2025-01-11,2025-01-11,1.0,1.0,2.0,2.0,2.0,2.0,315.0,0.0031746031746031746,7.03902578081203e-09,True,one_off_anomaly,0,0.0,0.0,0.0,0.0,0.0,0.0,0.0,0.0,,,,0.006349206349206349,0.0,0.1126872339638022,17.748239349298846,0.0,0.0,0.0,0.0,0.0,7.0,0.0,0.0,0.0,1.0986122886681098,0.0,2025-11-21
1782,424,33.677097,55.007885,2023-11-01,2025-11-21,710.0,3716.0,16254.0,22.892957746478874,10.0,45.10000000000002,752.0,0.9441489361702128,5.7206162520659366e-05,False,reliable,1,0.07413559739141135,0.1404577334809893,0.24172511381813708,0.42352651654977236,0.6739879414298019,0.8850744432139781,1198.0,650.0,2.9449828529725424e-05,1.8417818740399385,0.6107335128189453,21.586301369863012,9.0,45.074862378330245,2.0881234633951697,0.931858787233835,0.9710574360276099,1.1857591260116962,1.5919996680562742,0.6468113231494276,0.8062449354174193,0.8730608140431723,1.1149045987223423,4.388466908139455,9.696155832738006,7.089243155027514,2025-11-21
1859,424,32.486511,51.778912,2024-01-25,2025-11-21,315.0,2265.0,5569.0,17.67936507936508,16.0,34.0,667.0,0.47226386806596704,1.9600167286671097e-05,False,reliable,1,0.04201831567606393,0.11384449631890824,0.202549829412821,0.372777877536362,0.6004668701741784,0.8143293230382475,1956.0,1484.0,4.8083359435845515e-05,1.3178451178451178,0.2759979161592758,15.194520547945206,14.0,12.681775996310341,0.8346282435364721,0.9188535049515936,0.9466975505561874,1.1340120391689088,1.5491414463646704,0.7413298042444324,0.888478182473855,0.8264618990818053,1.1413889031992168,1.9490831923215624,8.62515033292133,7.579167967396076,2025-11-21
1895,424,33.504681,51.919071,2023-11-01,2025-11-21,752.0,8476.0,57266.0,76.15159574468085,36.0,142.5999999999999,752.0,1.0,0.00020154842518199084,False,reliable,1,0.0453497712429714,0.09700345754898194,0.17093912618307547,0.3359235846750253,0.5810952397583208,0.8365522299444696,4262.0,5377.0,0.00010477059198137709,0.7926738564522127,-0.2323434200636001,69.5013698630137,31.0,119.3674865228286,1.717483939641771,0.7899678274264368,0.8588651966135411,1.2905113650146764,2.034270916721248,0.6564279466628586,0.7122161778618733,0.6643477245712345,1.3387882746917754,4.359072908327875,10.955479820569012,8.35772841676521,2025-11-21
1916,987,35.556149,52.162872,2023-11-01,2025-11-21,738.0,5229.0,15901.0,21.546070460704605,14.0,44.0,752.0,0.9813829787234043,5.596377447034604e-05,False,reliable,1,0.06439846550531413,0.12200490535186466,0.203760769762908,0.3795987673731212,0.6204641217533489,0.8726495188981825,1866.0,5233.0,4.587093492192624e-05,0.35670615208253725,-1.0308429395483696,27.263013698630136,17.0,44.17761201084303,1.6204229106579948,0.890188848434251,0.9804774162627645,1.2365301515889395,1.5955682845945132,0.7854998928712957,0.7406484079682754,0.7752120003401282,1.1866766202008892,1.8410403283782846,9.674200166461429,7.532088143541722,2025-11-21
1931,424,32.302784,52.205208,2025-01-11,2025-01-11,1.0,1.0,2.0,2.0,2.0,2.0,315.0,0.0031746031746031746,7.03902578081203e-09,True,one_off_anomaly,0,0.0,0.0,0.0,0.0,0.0,0.0,0.0,0.0,,,,0.006349206349206349,0.0,0.1126872339638022,17.748239349298846,0.0,0.0,0.0,0.0,0.0,7.0,0.0,0.0,0.0,1.0986122886681098,0.0,2025-11-21
1960,754,38.309269,48.863491,2023-11-01,2025-11-21,715.0,5567.0,23843.0,33.34685314685315,16.0,77.0,752.0,0.9507978723404256,8.39157458459506e-05,False,reliable,1,0.05892714842930839,0.12225810510422346,0.21176026506731535,0.39827202952648577,0.6383424904584155,0.844524598414629,3857.0,4255.0,9.481468166874037e-05,0.9064849624060151,-0.09818083755580709,36.25753424657534,18.0,54.48550043488288,1.502735957286705,0.7945298241127167,0.9059125097359948,1.3228019902116925,1.5869380732611806,0.7956706710274565,0.8099112426035504,0.7881650992199579,1.1875364321336817,3.814591785726742,10.079287892339817,8.257904193465674,2025-11-21
1986,424,33.356579,52.378185,2023-11-01,2025-11-21,724.0,3636.0,15387.0,21.252762430939228,14.0,45.0,752.0,0.9627659574468085,5.415474484467735e-05,False,reliable,1,0.04770260609605511,0.09800480925456555,0.16702411126275427,0.2994735815948528,0.5043868200428934,0.7126145447455644,1333.0,2168.0,3.276846530060433e-05,0.6150299677270632,-0.486084284351306,23.80821917808219,15.0,28.07772646544432,1.1793291323230355,0.9507059396299903,0.9620142515712137,1.166371603080464,1.3893068956360097,0.8614434287947543,0.8255067717093034,0.8473156590245199,1.1228615266589952,2.6606842524564045,9.641343263872185,7.195937226475569,2025-11-21
1996,754,37.159901,50.216652,2023-11-04,2025-11-21,653.0,2361.0,5335.0,8.169984686064318,5.0,16.800000000000068,749.0,0.8718291054739653,1.877660127031609e-05,False,reliable,1,0.11171508903467667,0.16719775070290535,0.27085285848172447,0.45342080599812556,0.6616682286785379,0.8515463917525773,646.0,656.0,1.5880291511020554e-05,0.984779299847793,-0.01533772398370914,7.873972602739726,5.0,11.66899276467787,1.4819702014987552,0.9573898613564584,1.1552178684224614,1.1014868047749051,1.2187182163695736,0.8338913617205657,0.8572546972860126,0.8792355869600129,1.0244722802134076,2.7891306675231515,8.58223158759546,6.472346294500901,2025-11-21
2028,149,36.364048,52.735851,2023-11-01,2025-11-21,752.0,7723.0,52334.0,69.59308510638297,51.0,155.89999999999998,752.0,1.0,0.00018419018760650838,False,reliable,1,0.04759811976917491,0.10805594833186838,0.18699124851912716,0.35909733633966445,0.6072343027477357,0.8586960675660182,8494.0,9623.0,0.00020880370912478108,0.882689110556941,-0.12478222354848256,85.66027397260274,60.0,74.73281848870275,0.8724326344392153,0.8167326021384744,0.8405296488198043,1.1575242706503501,1.7594099513356853,0.9008821445683961,0.7924865545763646,0.7343409405153792,1.326057820300768,2.2665564461764807,10.865420642288985,9.047233034106032,2025-11-21
2099,490,26.533424,53.973846,2023-11-01,2025-11-21,752.0,45060.0,14179586.0,18855.832446808512,15867.0,28058.899999999998,752.0,1.0,0.04990523570762066,False,reliable,1,0.16761497832165198,0.2924411897498277,0.4369683289766006,0.6678484124994905,0.8717839857947898,0.9714458518041359,1352249.0,662171.0,0.033241653739142465,2.042143128975553,0.713999809830451,18288.084931506848,15646.0,15097.345323770805,0.82552904693487,0.982569129551123,1.0748170859586317,1.1197864662537222,1.0998996214006707,0.8573970977345116,0.9415588213198934,0.9267141412865532,0.9774935856453714,1.9526437851944647,16.467313953115184,14.117280429733674,2025-11-21
2101,754,37.156036,48.98938,2023-11-01,2025-11-21,752.0,31660.0,1293441.0,1720.001329787234,1281.0,3432.6,752.0,1.0,0.004552282272479646,False,reliable,1,0.05803125152210267,0.11779354450647536,0.20644003089433535,0.39585106703746054,0.6340258272313929,0.8500001159697272,218110.0,172297.0,0.0053616878970103605,1.2658939743932025,0.2357785717103038,1749.4,1335.0,1572.56869169836,0.8989188817299416,0.803989939407797,0.9269991469602764,1.2242768949354064,1.5396927298150573,0.8238835525279826,0.8963402837016647,0.7882043074108925,1.1783795260415817,2.452665089569171,14.07281744002037,12.292759386497899,2025-11-21
2108,289,36.708546,57.408157,2025-01-11,2025-01-11,1.0,1.0,2.0,2.0,2.0,2.0,315.0,0.0031746031746031746,7.03902578081203e-09,True,one_off_anomaly,0,0.0,0.0,0.0,0.0,0.0,0.0,0.0,0.0,,,,0.006349206349206349,0.0,0.1126872339638022,17.748239349298846,0.0,0.0,0.0,0.0,0.0,7.0,0.0,0.0,0.0,1.0986122886681098,0.0,2025-11-21
2126,424,32.804607,51.618828,2025-01-11,2025-01-11,1.0,1.0,2.0,2.0,2.0,2.0,315.0,0.0031746031746031746,7.03902578081203e-09,True,one_off_anomaly,0,0.0,0.0,0.0,0.0,0.0,0.0,0.0,0.0,,,,0.006349206349206349,0.0,0.1126872339638022,17.748239349298846,0.0,0.0,0.0,0.0,0.0,7.0,0.0,0.0,0.0,1.0986122886681098,0.0,2025-11-21
2136,490,27.217744,53.036396,2025-01-11,2025-01-11,1.0,1.0,2.0,2.0,2.0,2.0,315.0,0.0031746031746031746,7.03902578081203e-09,True,one_off_anomaly,0,0.0,0.0,0.0,0.0,0.0,0.0,0.0,0.0,,,,0.006349206349206349,0.0,0.1126872339638022,17.748239349298846,0.0,0.0,0.0,0.0,0.0,7.0,0.0,0.0,0.0,1.0986122886681098,0.0,2025-11-21
2154,424,33.447861,52.486664,2023-11-01,2025-11-21,660.0,2304.0,4537.0,6.874242424242424,4.5,14.0,752.0,0.8776595744680851,1.5968029983772088e-05,False,reliable,1,0.06303724928366762,0.14062155609433546,0.24862243773418558,0.4465505840864007,0.6874586731320256,0.8957460877231651,327.0,395.0,8.038475733906689e-06,0.8282828282828283,-0.18840060287033644,5.531506849315068,4.0,5.790501807676575,1.0468217730569342,0.9838743475444813,1.0116870499485655,1.10555492056235,1.5644645102297405,0.6958423280719953,0.8204747209204861,0.8239513087209966,1.1260171230453548,2.3640797043471635,8.420241665339788,5.793013608384144,2025-11-21
2168,424,32.556114,51.573631,2023-11-04,2025-11-21,603.0,2689.0,6835.0,11.334991708126037,3.0,36.80000000000007,749.0,0.8050734312416555,2.4055870605925113e-05,False,reliable,1,0.15274323335771764,0.2888076079005121,0.4337966349670812,0.6307242136064375,0.8446232626188734,0.9528895391367959,284.0,207.0,6.981428466145259e-06,1.3701923076923077,0.3149511005673329,4.487671232876712,3.0,7.152421114818617,1.5937934718612914,0.9984620080773927,1.0113177420869728,1.0413144547759934,1.2427209542594158,0.7651991614255765,0.9556095613787922,0.9898915187376727,1.0016861445432874,2.6397107166337936,8.829958044235482,5.652489180268651,2025-11-21
2195,149,36.477455,52.355835,2023-11-01,2025-11-21,752.0,26933.0,775490.0,1031.2367021276596,691.0,1937.0999999999995,752.0,1.0,0.0027293470513809603,False,reliable,1,0.04711085894079872,0.0968961559788005,0.16769526363976325,0.32220918387084296,0.562029168654657,0.8119821016389638,109594.0,164331.0,0.0026940939130940967,0.6669121047635275,-0.40509701871608605,1176.7780821917809,765.0,1334.9929013935007,1.1344474558083546,0.823549172142615,0.942109530191919,1.2336977408981533,1.5919444906096407,0.8788146439595353,0.7737227721850234,0.7584921376292755,1.2319837108719685,1.937166759912404,13.561251656115527,11.604547032017452,2025-11-21
2302,424,31.061466,51.593582,2025-01-11,2025-01-11,1.0,1.0,2.0,2.0,2.0,2.0,315.0,0.0031746031746031746,7.03902578081203e-09,True,one_off_anomaly,0,0.0,0.0,0.0,0.0,0.0,0.0,0.0,0.0,,,,0.006349206349206349,0.0,0.1126872339638022,17.748239349298846,0.0,0.0,0.0,0.0,0.0,7.0,0.0,0.0,0.0,1.0986122886681098,0.0,2025-11-21
2335,424,32.626247,51.477116,2023-11-17,2025-11-16,223.0,294.0,478.0,2.1434977578475336,2.0,4.800000000000011,736.0,0.3029891304347826,1.682327161614075e-06,False,sparse,0,0.02510460251046025,0.07322175732217573,0.14644351464435146,0.34309623430962344,0.6150627615062761,0.8828451882845189,119.0,57.0,2.92531685729326e-06,2.0689655172413794,0.7270487322356267,0.8301369863013699,0.0,1.431080139544457,1.7239084189231908,0.9729626808834729,0.9729626808834729,1.3667809088601166,1.4362782432089363,0.5227598231521265,0.8339680121858339,0.9034653465346534,0.9751689454659751,2.5945671490225943,6.171700597410915,4.787491742782046,2025-11-21
2337,490,26.780315,56.065002,2023-11-03,2025-11-21,693.0,6047.0,17391.0,25.095238095238095,13.0,63.0,750.0,0.924,6.1207848677051e-05,False,reliable,1,0.1497326203208556,0.27738485423494913,0.40003450060376056,0.5912253464435627,0.7785061238571676,0.9082858950031626,2019.0,375.0,4.9632056595589e-05,5.372340425531915,1.6812636470053555,30.517808219178082,15.0,39.98059743184279,1.3100743390450325,1.0309239194237847,1.0069782538136969,1.081965996118972,1.0870071888789905,0.8457789815487654,0.9723200535885697,0.9779913954435905,0.9652443794646864,2.3491958261686245,9.763765609360991,7.61085279039525,2025-11-21
2363,149,36.701763,53.639572,2023-11-01,2025-11-21,743.0,5482.0,19852.0,26.718707940780618,17.0,65.80000000000007,752.0,0.988031914893617,6.986936990034021e-05,False,reliable,1,0.05576264356236148,0.11862784606085029,0.19816643159379407,0.3759822687890389,0.6250755591376184,0.8561857747330244,3464.0,3596.0,8.515376129129288e-05,0.963302752293578,-0.03738753207161949,31.268493150684932,18.0,36.073097631381295,1.1536564124642226,0.694973343488195,0.7958367313926763,1.1654641468231235,2.1611825920509,0.7862516924592776,0.7367947482290775,0.663607289932533,1.4671698522570333,2.7393020105278056,9.896110408197078,8.150467911624004,2025-11-21
2406,987,35.490189,51.141045,2023-11-07,2025-11-21,347.0,449.0,691.0,1.9913544668587897,1.0,4.0,746.0,0.4651474530831099,2.431983407270556e-06,False,sparse,0,0.004341534008683068,0.04341534008683068,0.13024602026049203,0.3096960926193922,0.5643994211287988,0.8263386396526773,86.0,91.0,2.11409453552286e-06,0.9456521739130435,-0.05588045839445677,1.0904109589041096,1.0,1.632446117075322,1.4970925445540013,0.7407228449942018,0.8112678778507925,1.2874468496327793,1.7988983378430614,0.8651749312600739,0.7054503285659065,0.7936316196366449,1.3275903326154583,1.199265558562041,6.539585955617669,4.465908118654584,2025-11-21
2423,424,32.489532,51.407368,2024-06-03,2025-11-21,310.0,2638.0,6259.0,20.190322580645162,18.0,37.0,537.0,0.5772811918063314,2.2028631181051245e-05,False,reliable,1,0.060552803962294295,0.14267454864994408,0.24956063268892795,0.43409490333919154,0.6435532832720882,0.841348458220163,1512.0,1994.0,3.716873183384377e-05,0.7583959899749373,-0.2765496155356084,17.08219178082192,16.0,13.73128439029194,0.8038362153097928,1.0053204614150886,1.0075720189994446,1.090879649620628,1.1269045709703287,0.8284032621688278,0.9704213188575658,0.9737986552341001,0.9762324817657616,1.9273332922089936,8.741935464094144,7.321849713788356,2025-11-21
2424,289,36.548656,61.148602,2025-01-11,2025-01-11,1.0,1.0,2.0,2.0,2.0,2.0,315.0,0.0031746031746031746,7.03902578081203e-09,True,one_off_anomaly,0,0.0,0.0,0.0,0.0,0.0,0.0,0.0,0.0,,,,0.006349206349206349,0.0,0.1126872339638022,17.748239349298846,0.0,0.0,0.0,0.0,0.0,7.0,0.0,0.0,0.0,1.0986122886681098,0.0,2025-11-21
2451,987,35.210861,51.673183,2025-01-11,2025-01-11,1.0,1.0,2.0,2.0,2.0,2.0,315.0,0.0031746031746031746,7.03902578081203e-09,True,one_off_anomaly,0,0.0,0.0,0.0,0.0,0.0,0.0,0.0,0.0,,,,0.006349206349206349,0.0,0.1126872339638022,17.748239349298846,0.0,0.0,0.0,0.0,0.0,7.0,0.0,0.0,0.0,1.0986122886681098,0.0,2025-11-21
2483,490,26.964176,56.066223,2023-11-01,2025-11-21,752.0,27907.0,520506.0,692.1622340425532,442.0,1449.8999999999996,752.0,1.0,0.0018319275765336731,False,reliable,1,0.12817719680464779,0.23546510510925905,0.3637883136793812,0.5701144655393021,0.7669882767921984,0.907847363911271,35939.0,10071.0,0.0008834702733971635,3.568308181096108,1.2720915846133671,744.5232876712329,449.0,927.1384355717522,1.2452779529189941,1.0099647924301745,1.1026157146686602,1.1267405993552355,1.0331081507590518,0.8238524820481125,0.9546635310661937,0.9524421819408775,0.9274838608382918,2.472929828578934,13.162558615553838,10.48960616033755,2025-11-21
2575,289,36.351257,56.87804,2025-01-11,2025-01-11,1.0,1.0,2.0,2.0,2.0,2.0,315.0,0.0031746031746031746,7.03902578081203e-09,True,one_off_anomaly,0,0.0,0.0,0.0,0.0,0.0,0.0,0.0,0.0,,,,0.006349206349206349,0.0,0.1126872339638022,17.748239349298846,0.0,0.0,0.0,0.0,0.0,7.0,0.0,0.0,0.0,1.0986122886681098,0.0,2025-11-21
2587,754,37.195675,50.147427,2023-11-01,2025-11-21,752.0,22498.0,433173.0,576.0279255319149,363.5,1160.6,752.0,1.0,0.0015245579572758447,False,reliable,1,0.07188351997931543,0.1407405355366101,0.23202969714178862,0.4143517716939883,0.6541404935210643,0.8671246822862921,65154.0,64751.0,0.0016016478531099584,1.0062237459846801,0.0062044584633582645,638.8246575342466,426.0,712.1611952863303,1.114799165760367,0.8367229167896917,0.9611401074747716,1.2237618281465927,1.44685783592959,0.8786773461180768,0.8474999199992874,0.8076731735012567,1.1600619696437786,2.4876213330395025,12.978894773840572,11.084524325579006,2025-11-21
2642,490,27.203939,53.042725,2023-11-01,2025-11-21,752.0,19435.0,299903.0,398.80718085106383,126.5,788.6999999999999,752.0,1.0,0.0010555124743714351,False,reliable,1,0.16049189237853573,0.29381833459485235,0.431149404974275,0.6312240957909724,0.8114557040109636,0.9313711433363454,14232.0,4237.0,0.00034985806313443424,3.358423784804153,1.21147175224238,534.7616438356164,187.0,1057.2335689921522,1.9770183242931716,0.9582989811794862,1.066434865163527,1.1815112964069356,1.1449026067176262,0.8054725951680451,0.941612898649192,0.9055076683465725,0.9735712675545042,3.7412067024927453,12.611217702427412,9.563318491070625,2025-11-21
2668,424,33.419891,51.183338,2025-01-11,2025-11-17,55.0,66.0,116.0,2.109090909090909,1.0,5.0,315.0,0.1746031746031746,4.082634952870977e-07,False,sparse,0,0.0,0.06896551724137931,0.07758620689655173,0.3017241379310345,0.49137931034482757,0.7068965517241379,80.0,34.0,1.966599567928242e-06,2.3142857142857145,0.8391010931830256,0.3682539682539683,0.0,1.1019417426000895,2.9923418010261047,0.3620689655172413,1.146551724137931,1.2672413793103448,2.112068965517241,0.9655172413793103,0.8448275862068965,0.3017241379310344,1.5387931034482758,0.5431034482758621,4.762173934797756,4.394449154672439,2025-11-21
2670,424,33.97245,51.148911,2023-11-01,2025-11-21,746.0,7790.0,63222.0,84.7479892761394,24.5,199.5,752.0,0.9920212765957447,0.00022251064395724908,False,reliable,1,0.03701243238113315,0.07965581601341305,0.1492043908765936,0.2967479674796748,0.5480845275378824,0.8234158995286451,3344.0,7179.0,8.220386193940051e-05,0.4658774373259053,-0.7638326894799405,88.96438356164384,23.0,218.769978911731,2.459073734379829,0.5395417590539542,0.6461099029696591,1.3486382350711617,2.9088996200276687,0.6006219581921376,0.5062527242405291,0.4576161474027327,1.74376899072021,3.1806159626281576,11.054423437981287,8.11522197256233,2025-11-21
2692,754,38.38718,48.869247,2023-11-01,2025-11-21,752.0,28057.0,1186769.0,1578.150265957447,921.0,3821.599999999999,752.0,1.0,0.004176848793434256,False,reliable,1,0.06072032552249006,0.12132858205767087,0.20477363328499482,0.37651556452856455,0.5947071418279378,0.8101922109525949,196614.0,185314.0,0.004833262593108042,1.060977254944284,0.059190422026270895,1671.1753424657534,1020.0,2099.962379816145,1.2565781258582558,0.8318880334720224,0.936397621254805,1.227728741481264,1.5013040486765812,0.8694253841773149,0.8440858052238116,0.7916814160184833,1.182355770405523,3.3044914408781034,13.986745889020662,12.18900278083458,2025-11-21
2728,490,26.807442,53.374735,2024-01-05,2025-11-21,466.0,6791.0,33547.0,71.9892703862661,22.5,169.5,687.0,0.6783114992721979,0.00011806909893445058,False,reliable,1,0.19444361641875577,0.34226607446269414,0.5077056070587533,0.7200941962023429,0.8827913077175307,0.9696545145616597,4408.0,2315.0,0.00010835963619284614,1.903713298791019,0.6438063466650519,90.63835616438357,38.0,162.47628958900134,1.7925776289933042,1.0636098251716546,1.1170767463652027,1.141476333417814,1.0493944135844808,0.7425320762701473,0.9367319724980759,0.9541299389181986,0.8945019957020077,3.202074502591384,10.420732528104303,8.391403185357937,2025-11-21
2730,929,35.72459,50.361477,2023-11-08,2025-11-21,308.0,1014.0,1923.0,6.2435064935064934,5.0,12.0,745.0,0.4134228187919463,6.768023288250767e-06,False,reliable,1,0.055122204888195525,0.12324492979719189,0.23816952678107126,0.41341653666146644,0.6131045241809673,0.8361934477379095,581.0,777.0,1.4282429362078856e-05,0.7480719794344473,-0.29025607644695306,5.1945205479452055,4.0,6.068109088925362,1.1681750092076777,0.9958718760142812,1.1291484096072704,1.177276046738072,1.177276046738072,0.7373517235888862,0.8959144758195392,0.8922123498864006,0.9552190074341973,1.532680136319377,7.562161631225652,6.366470447731438,2025-11-21
2751,754,36.741299,49.418541,2023-11-01,2025-11-21,752.0,7223.0,30990.0,41.21010638297872,30.0,84.0,752.0,1.0,0.0001090697044736824,False,reliable,1,0.03049370764762827,0.07992900935785738,0.1409486931268151,0.27541142303969024,0.48844788641497255,0.7507905776056792,4675.0,6752.0,0.00011492316225080663,0.6924329927439656,-0.3675438069828836,48.153424657534245,33.0,53.196283028748034,1.1047248125564995,0.7815563618220651,0.8953752494660551,1.2300427155911908,1.6102377367739225,0.8953300383885402,0.8107099716396485,0.7787608101957214,1.2493795652079678,2.047941248555723,10.341452118734878,8.450198322591959,2025-11-21
2778,754,37.202393,50.010818,2023-11-01,2025-11-21,752.0,37260.0,3083669.0,4100.623670212766,2701.5,8246.599999999999,752.0,1.0,0.010853012795245425,False,reliable,1,0.0694779498058968,0.13453194879216931,0.22506825473162004,0.41018766929913686,0.653906109897009,0.8613959539756051,534746.0,430565.0,0.013145390656891945,1.241962904641797,0.2166931156270806,4532.950684931507,3097.0,4506.311324775853,0.9941231745043667,0.830741783928858,0.9456228043050742,1.2364844593511761,1.4666961986951326,0.8880924424492933,0.8355230132934577,0.7989913663914451,1.17463906459009,2.393261964574491,14.941631004048983,13.189549016830739,2025-11-21
2852,754,37.937489,48.916237,2023-11-01,2025-11-21,737.0,6812.0,31495.0,42.73405698778833,25.0,99.19999999999993,752.0,0.9800531914893617,0.00011084705848333744,False,reliable,1,0.0758215589776155,0.16408953802190823,0.2653754564216542,0.4784568979203048,0.7146848706143832,0.8955389744403873,5084.0,5025.0,0.00012497740254183978,1.0117389574214086,0.011670590379122103,46.05205479452055,27.0,62.864323006216786,1.36507096777138,0.8869561635936791,0.958363651340628,1.189707208134836,1.257773994700641,0.9029978324729452,0.9679681672364164,0.8380984088194511,1.0786965032904707,3.331514252895656,10.357615832623573,8.53405030848266,2025-11-21
2854,754,37.089626,49.421825,2023-11-01,2025-11-21,721.0,4479.0,18149.0,25.171983356449378,14.0,61.0,752.0,0.9587765957446809,6.387563944797876e-05,False,reliable,1,0.04396936470328944,0.10248498539864455,0.19681525152900986,0.38200451815527026,0.6180505812992452,0.8370158135434459,2982.0,3333.0,7.330499889452522e-05,0.8947210557888422,-0.11124327879599072,28.115068493150684,15.0,40.10416269819528,1.4264294859521807,0.7804465316402561,0.99111921502781,1.2777161447011378,1.4897568325262733,0.8080002059255065,0.8508987601757043,0.8057546137355142,1.1456320590992195,3.556811537711947,9.806425839692997,8.000684784514748,2025-11-21
2894,149,36.598782,52.662739,2025-01-11,2025-01-11,1.0,1.0,2.0,2.0,2.0,2.0,315.0,0.0031746031746031746,7.03902578081203e-09,True,one_off_anomaly,0,0.0,0.0,0.0,0.0,0.0,0.0,0.0,0.0,,,,0.006349206349206349,0.0,0.1126872339638022,17.748239349298846,0.0,0.0,0.0,0.0,0.0,7.0,0.0,0.0,0.0,1.0986122886681098,0.0,2025-11-21
2908,987,35.415794,51.586674,2025-01-11,2025-01-11,1.0,1.0,2.0,2.0,2.0,2.0,315.0,0.0031746031746031746,7.03902578081203e-09,True,one_off_anomaly,0,0.0,0.0,0.0,0.0,0.0,0.0,0.0,0.0,,,,0.006349206349206349,0.0,0.1126872339638022,17.748239349298846,0.0,0.0,0.0,0.0,0.0,7.0,0.0,0.0,0.0,1.0986122886681098,0.0,2025-11-21
2949,987,35.633015,51.059704,2023-11-01,2025-11-21,752.0,36403.0,2923017.0,3886.990691489362,2690.5,8085.199999999999,752.0,1.0,0.010287596010375918,False,reliable,1,0.03929638452325115,0.08300772797421295,0.14968233164569347,0.3032161632997687,0.5535958223985697,0.8338384621095258,391231.0,559021.0,0.009617433944501675,0.6998508108804304,-0.35688809396725674,4512.580821917808,3109.0,3767.357719104615,0.8348565638550759,0.683149920727421,0.7926429521754799,1.0705881124943935,2.2435992786540906,0.9318267222611982,0.6586841326317021,0.6208199056276152,1.581466464474821,2.0046007891950923,14.888127202131214,12.877056013388398,2025-11-21
2951,289,35.959579,57.770226,2025-01-11,2025-01-11,1.0,1.0,2.0,2.0,2.0,2.0,315.0,0.0031746031746031746,7.03902578081203e-09,True,one_off_anomaly,0,0.0,0.0,0.0,0.0,0.0,0.0,0.0,0.0,,,,0.006349206349206349,0.0,0.1126872339638022,17.748239349298846,0.0,0.0,0.0,0.0,0.0,7.0,0.0,0.0,0.0,1.0986122886681098,0.0,2025-11-21
2969,987,35.742348,51.821407,2023-11-01,2025-11-21,752.0,17586.0,149434.0,198.7154255319149,124.5,295.9,752.0,1.0,0.0005259348892649325,False,reliable,1,0.0536691783663691,0.11012219441358727,0.18053455037006305,0.3191241618373329,0.5474390031719689,0.8150086325735776,13941.0,57461.0,0.0003427045572060953,0.24262991194180503,-1.4162179927033307,281.15890410958906,148.0,591.2939126725649,2.1030595297885095,0.9012833755216066,1.0865741597887413,1.1581870985586524,1.5736379009353878,0.8342156922047891,0.663052367178148,0.7862375655779669,1.200405738433276,1.0162607872429257,11.91461679465882,9.542661146046344,2025-11-21
2992,149,36.635235,52.626736,2024-05-02,2025-11-20,133.0,190.0,300.0,2.255639097744361,2.0,4.0,569.0,0.23374340949033393,1.0558538671218044e-06,False,sparse,0,0.1,0.17666666666666667,0.27666666666666667,0.4,0.57,0.7833333333333333,143.0,60.0,3.5152967276717324e-06,2.360655737704918,0.8589394354026894,0.7890410958904109,0.0,1.4284743305854863,1.8103928148045227,1.1211271367521367,1.194244123931624,0.9992654914529915,1.3404780982905984,0.813024109014675,0.77991452991453,0.7555422008547009,1.074239417989418,1.8035523504273505,5.707110264748875,4.969813299576001,2025-11-21
3042,424,33.450951,50.283363,2023-11-01,2025-11-21,752.0,12796.0,94633.0,125.84175531914893,67.0,242.0,752.0,1.0,0.0003330620633577924,False,reliable,1,0.05211712616106432,0.11486479346528167,0.20033180814303678,0.37458391892891485,0.6334154047742331,0.8776853740238606,9104.0,23206.0,0.00022379903083023393,0.3923385185504374,-0.9356302441210502,152.13150684931506,79.0,217.20120114611845,1.4277200406701707,0.8186237296776124,0.9806798787583256,1.3528275409218358,1.7344558670331256,0.7153691627273543,0.7180022829785112,0.6855152078507863,1.2200597210502124,3.0186434009730365,11.4577720985022,9.116578992161708,2025-11-21
3109,289,35.585835,58.878971,2025-01-11,2025-01-11,1.0,1.0,2.0,2.0,2.0,2.0,315.0,0.0031746031746031746,7.03902578081203e-09,True,one_off_anomaly,0,0.0,0.0,0.0,0.0,0.0,0.0,0.0,0.0,,,,0.006349206349206349,0.0,0.1126872339638022,17.748239349298846,0.0,0.0,0.0,0.0,0.0,7.0,0.0,0.0,0.0,1.0986122886681098,0.0,2025-11-21
3124,754,37.382153,49.651844,2023-11-01,2025-11-21,752.0,16739.0,259206.0,344.68882978723406,217.0,741.6999999999997,752.0,1.0,0.0009122788582705814,False,reliable,1,0.06418832897386635,0.1287894570341736,0.21613697213799063,0.40260256321227134,0.6487079774387938,0.8655393779464982,50011.0,38869.0,0.0012293951373957414,1.286647800360175,0.2520402317686212,429.44931506849315,282.0,444.6239808810694,1.0353351729299092,0.8366707774359499,0.9353660457654741,1.2401391838102758,1.4566955892737876,0.8997481492163232,0.8475075537225853,0.7858006209829825,1.175569738578115,2.5592704063380114,12.465382249268435,10.82001825561489,2025-11-21
3127,754,36.631256,49.514771,2025-01-11,2025-01-11,1.0,1.0,2.0,2.0,2.0,2.0,315.0,0.0031746031746031746,7.03902578081203e-09,True,one_off_anomaly,0,0.0,0.0,0.0,0.0,0.0,0.0,0.0,0.0,,,,0.006349206349206349,0.0,0.1126872339638022,17.748239349298846,0.0,0.0,0.0,0.0,0.0,7.0,0.0,0.0,0.0,1.0986122886681098,0.0,2025-11-21
3140,929,36.172997,50.76849,2023-11-01,2025-11-21,752.0,22056.0,394269.0,524.2938829787234,226.5,1199.5999999999997,752.0,1.0,0.001387634827787489,False,reliable,1,0.04189271791594064,0.08451082890108022,0.14572791672690472,0.2976470379360284,0.5788738145783716,0.8825091498443955,26014.0,140747.0,0.0006394890145010661,0.18483388751527552,-1.6882977625851012,623.9835616438356,226.0,1283.3540233231,2.0567112696722405,0.6746664417276129,0.8664860905930217,1.4316821928653114,2.0633556381007576,0.8058086008389389,0.5943512095709204,0.5673842762873033,1.4285938002447922,2.9438645340012606,12.88479123277132,10.166428573724405,2025-11-21
3217,987,35.727848,51.868832,2023-11-01,2025-11-21,752.0,15807.0,148892.0,197.99468085106383,112.0,371.69999999999993,752.0,1.0,0.0005240273132783324,False,reliable,1,0.039417833060204716,0.08373854874674261,0.14536039545442334,0.2855089595142788,0.5283561239018886,0.8153157993713565,12067.0,45416.0,0.0002966369623273762,0.2657154809872955,-1.3253291630010366,240.71506849315068,119.0,455.0385274327228,1.8903616224826012,0.7642294253247919,0.9547674955108287,1.1613634911087707,2.0458276315824033,0.8546862078244087,0.5684984936871439,0.6534217509650296,1.444584817685511,1.7312201177909512,11.91098320614997,9.398312600278953,2025-11-21
3312,987,35.687393,51.022392,2023-11-01,2025-11-21,752.0,12658.0,52513.0,69.8311170212766,64.0,103.79999999999995,752.0,1.0,0.00018482018041389106,False,reliable,1,0.05577666482585265,0.11936092015310494,0.20358768304991146,0.3686515719916973,0.5686211033458382,0.8001256831641689,6370.0,8689.0,0.00015659049059628627,0.7331415420023015,-0.31041649614295075,83.36712328767123,76.0,40.965571362199526,0.49138760876804455,0.9314684625243632,0.970452655235264,1.0380406343139261,1.386360936050377,0.9037090362532763,0.8950217024751186,0.8767983224504963,1.1427366437718405,1.093864152870364,10.868835079697146,8.759511722116487,2025-11-21
3333,149,36.695541,53.534641,2023-11-01,2025-11-21,752.0,26898.0,607852.0,808.313829787234,538.5,1617.5999999999997,752.0,1.0,0.0021393429494590767,False,reliable,1,0.0629692754157262,0.1300267170298033,0.21836894507215573,0.3963037055072616,0.635796213551983,0.8549581148042615,90062.0,102420.0,0.0022139486285844166,0.8793411507405707,-0.12858234426022364,915.7287671232876,616.0,895.8300499695358,0.9782700753015955,0.7965912665964425,0.8920175746058866,1.2046941370954583,1.749048303009367,0.8323919815399271,0.7853559948567742,0.7431239734203764,1.2863551121724117,2.6550102148771972,13.317688355399909,11.408264704426676,2025-11-21
3351,424,32.378216,51.273262,2024-07-02,2025-11-20,256.0,991.0,1951.0,7.62109375,4.0,16.0,508.0,0.5039370078740157,6.866569649182135e-06,False,reliable,1,0.02972834443874936,0.08764736032803691,0.194771911840082,0.39415684264479756,0.6524859046642747,0.9092772936955408,452.0,932.0,1.1111287558794567e-05,0.4855305466237942,-0.7225130753643096,5.328767123287672,3.0,8.884569279263744,1.66728420921916,0.7759046865730671,0.8625173027486651,1.2667095115681233,1.9993078900533912,0.6621234903235194,0.7542515325291674,0.6856832113901522,1.3243481454278367,3.49337551908246,7.5766097669730375,6.115892125483034,2025-11-21
3364,929,36.031448,51.173874,2023-11-01,2025-11-21,743.0,4156.0,14338.0,19.297442799461642,11.0,40.0,752.0,0.988031914893617,5.046277582264144e-05,False,reliable,1,0.04149811689217464,0.08494908634398103,0.1341888687404101,0.27653787139071,0.5172269493653229,0.8195006277026085,1525.0,4786.0,3.748830426363211e-05,0.31878002924587423,-1.143253977548106,24.553424657534247,14.0,34.84085514758966,1.4189814917284338,0.7949697869637615,0.8137671021234957,1.2406228005424613,2.164040907764407,0.7446219467521148,0.6187449573412528,0.6281436149211199,1.4475722893486787,2.1616912433694404,9.57073837671504,7.330405211844402,2025-11-21
3365,987,35.73761,51.910423,2023-11-01,2025-11-21,752.0,26772.0,1033543.0,1374.3922872340424,855.0,3047.8,752.0,1.0,0.0036375679112889037,False,reliable,1,0.04035052242625609,0.08717489257824783,0.15691848331419206,0.31509090574847876,0.5732707782840192,0.8483914070338632,113459.0,267264.0,0.00278910525471963,0.4245224776906815,-0.856790323653362,1644.9260273972602,948.0,1900.7946465804944,1.1555502283516608,0.6802854427076194,0.8016960928737784,1.076492176856019,2.2992967549474237,0.9454803785187272,0.5894934244899601,0.608304183865728,1.6159418220834147,1.8886750634899363,13.848504230976145,11.639205630880559,2025-11-21
3382,149,36.174187,53.266922,2023-11-01,2025-11-21,642.0,2638.0,7649.0,11.914330218068535,7.0,27.0,752.0,0.8537234042553191,2.6920754098715607e-05,False,reliable,1,0.029807818015426854,0.06667538240292849,0.15126160282389856,0.3349457445417702,0.6033468427245392,0.8713557327755262,955.0,1845.0,2.347628234214339e-05,0.5178764897074756,-0.6580185020113962,12.082191780821917,6.0,17.804920779776257,1.4736499058091461,0.706698063840921,0.8690476190476191,1.3035714285714286,2.0198194662480375,0.7355281735335645,0.6860064538635967,0.6844147915576488,1.3715581470683513,3.380690737833595,8.942460926820582,6.862757913051401,2025-11-21
3396,289,35.282082,59.522121,2023-11-07,2025-11-20,256.0,408.0,1039.0,4.05859375,2.0,9.0,746.0,0.34316353887399464,3.6567738931318495e-06,False,reliable,1,0.08277189605389798,0.19538017324350337,0.3089509143407122,0.5255052935514918,0.7459095283926853,0.917228103946102,74.0,82.0,1.8191046003336239e-06,0.9036144578313253,-0.10135249426028814,0.9424657534246575,0.0,2.1003608931273927,2.228580598812495,0.7957848837209303,1.122260733452594,0.99983228980322,2.3873546511627906,0.7006910925844668,0.46930903398926654,0.5305232558139534,1.5359911406423035,3.2239490161001787,6.946975992135418,4.31748811353631,2025-11-21
3456,289,35.260281,57.97205,2024-04-29,2025-11-21,263.0,577.0,1477.0,5.61596958174905,4.0,12.0,572.0,0.4597902097902098,5.198320539129684e-06,False,reliable,1,0.2017603249830738,0.2979011509817197,0.37034529451591064,0.4901828029790115,0.6655382532159784,0.8226134055517942,561.0,339.0,1.3790779470096797e-05,1.6529411764705881,0.5025562322834833,4.035616438356165,3.0,4.585733067303873,1.1363153900651144,0.962582902501436,1.0817144498407225,1.1817849496057233,1.238968092328581,0.7854590170234024,0.9244608073528643,0.829155569481435,1.0100539876507288,1.925165805002872,7.298445101508147,6.331501849893691,2025-11-21
3478,149,36.670204,52.762276,2023-11-01,2025-11-21,726.0,4516.0,15505.0,21.356749311294767,12.0,51.0,752.0,0.9654255319148937,5.457004736574526e-05,False,reliable,1,0.05385359561431796,0.11435020960980329,0.1944534021283457,0.3507900677200903,0.600580457916801,0.837213801999355,2581.0,3194.0,6.34474185602849e-05,0.8081377151799687,-0.2130227954050481,26.375342465753423,15.0,34.80469756732954,1.3195922522151535,0.8326541537822311,0.9412929181548689,1.2919992648880154,1.5398998010403433,0.8112207999905926,0.7954690733593819,0.7910943580155173,1.172090400510469,3.2212487315323095,9.648982324778904,7.856319571406588,2025-11-21
3523,149,36.81514,50.874363,2023-11-01,2025-11-21,752.0,39227.0,3859087.0,5131.764627659574,3284.0,11525.6,752.0,1.0,0.013582106441698277,False,reliable,1,0.07120725705328747,0.1455103240740621,0.24918795559675125,0.45129612263211477,0.6955230602471517,0.8917179115163768,668992.0,560865.0,0.01644549222684313,1.192785799103529,0.17629157888404734,5531.660273972603,4050.0,4831.4289373410875,0.8734138934875986,0.8228855084142902,0.9199387181244791,1.2348219243966563,1.5073858011634378,0.859061746472067,0.8483820961570463,0.8102345563014063,1.1801365164144602,2.2615758400117523,15.165941444094942,13.413528875677448,2025-11-21
3578,149,36.68581,52.90699,2025-01-11,2025-01-11,1.0,1.0,2.0,2.0,2.0,2.0,315.0,0.0031746031746031746,7.03902578081203e-09,True,one_off_anomaly,0,0.0,0.0,0.0,0.0,0.0,0.0,0.0,0.0,,,,0.006349206349206349,0.0,0.1126872339638022,17.748239349298846,0.0,0.0,0.0,0.0,0.0,7.0,0.0,0.0,0.0,1.0986122886681098,0.0,2025-11-21
3617,987,35.42234,51.785919,2023-11-01,2025-11-17,502.0,943.0,1831.0,3.647410358565737,3.0,7.0,752.0,0.6675531914893617,6.444228102333413e-06,False,reliable,1,0.028399781540142,0.06990715456034953,0.1381758601856909,0.2807209175314036,0.4866193336974331,0.7711632987438558,282.0,331.0,6.932263476947053e-06,0.8524096385542169,-0.15968807127325046,3.043835616438356,2.0,3.473327975537448,1.1411023501990716,0.8592397701308593,1.2446340787924948,1.1182752890673684,1.4657619608114658,0.8306302328346042,0.7834244962957835,0.7012912829744513,1.1451716600231452,1.288859655196289,7.513163545234075,5.645446897643238,2025-11-21
3723,490,26.547533,54.888924,2023-11-01,2025-11-21,752.0,11964.0,43340.0,57.63297872340426,33.0,101.89999999999998,752.0,1.0,0.0001525356886701967,False,reliable,1,0.1116751269035533,0.21938163359483157,0.3332948777111214,0.5249653899400092,0.7058144900784494,0.8597600369173973,2357.0,2145.0,5.794093977008583e-05,1.0987884436160298,0.0942081579066727,62.61095890410959,35.0,92.8809760055756,1.4834619630698418,0.9807204238460528,1.067950176546422,1.1057292595821453,1.1837446017859967,0.7934592626045546,0.9745774835150409,0.8977907293773919,0.9867434305801259,3.005126409931031,10.676854348197491,7.765569081097317,2025-11-21
3752,490,27.358379,57.174626,2025-01-11,2025-01-11,1.0,1.0,2.0,2.0,2.0,2.0,315.0,0.0031746031746031746,7.03902578081203e-09,True,one_off_anomaly,0,0.0,0.0,0.0,0.0,0.0,0.0,0.0,0.0,,,,0.006349206349206349,0.0,0.1126872339638022,17.748239349298846,0.0,0.0,0.0,0.0,0.0,7.0,0.0,0.0,0.0,1.0986122886681098,0.0,2025-11-21
3771,754,37.300159,49.218632,2023-11-01,2025-11-21,719.0,3073.0,8717.0,12.123783031988873,7.0,25.0,752.0,0.9561170212765957,3.067959386566923e-05,False,reliable,1,0.0675691178157623,0.12871400711253872,0.22507743489732707,0.4270964781461512,0.6976023861420213,0.9020305150854652,1279.0,1153.0,3.144101059225277e-05,1.1091854419410745,0.10362590984561759,14.227397260273973,8.0,20.36117062710385,1.4311240668000973,0.9110266779244249,0.9772585877438563,1.1327008250751753,1.308418136841014,0.8792496430245359,0.8677731857974492,0.9258950658430728,1.0917902304384106,2.562769408523308,9.073145132798338,7.154615356913663,2025-11-21
3832,424,32.715111,52.432518,2023-11-04,2025-11-20,694.0,2301.0,3912.0,5.636887608069165,4.0,12.0,749.0,0.9265687583444593,1.376833442726833e-05,False,reliable,1,0.11528629856850715,0.19325153374233128,0.28297546012269936,0.4516871165644172,0.6745910020449898,0.878323108384458,310.0,533.0,7.620573325721937e-06,0.5823970037453183,-0.5406029267809611,5.758904109589041,4.0,5.650727746976496,0.9812158076338824,1.015150406206543,1.0084717851130791,1.0418648905803995,1.4292249140013173,0.7568263827801015,0.868220742150333,0.8849172948839932,1.0898237506229893,2.3041242772451147,8.272059622210412,5.739792912179234,2025-11-21
3837,424,33.689751,52.011265,2023-11-01,2025-11-21,660.0,2521.0,8683.0,13.156060606060606,7.0,30.200000000000045,752.0,0.8776595744680851,3.0559930427395424e-05,False,reliable,1,0.054589427617183,0.0906368766555338,0.1668778072094898,0.3559829551998157,0.598986525394449,0.8402625820568927,728.0,705.0,1.7896056068147e-05,1.0325779036827196,0.032058494515416314,10.271232876712329,6.0,14.801261078698506,1.441040355754856,0.743300777643269,0.8219371319531361,1.2413310216057616,2.085735683361717,0.7366241060509218,0.7152163653897449,0.6609198350329318,1.4047555538619823,2.946990992469787,9.069237530998182,6.591673732008658,2025-11-21
3870,754,37.150627,50.176182,2023-11-02,2025-11-21,718.0,3698.0,9240.0,12.869080779944289,7.0,27.0,751.0,0.9560585885486018,3.252029910735158e-05,False,reliable,1,0.0843073593073593,0.15898268398268398,0.25216450216450215,0.45324675324675323,0.685064935064935,0.8901515151515151,1337.0,1744.0,3.286679527900074e-05,0.7667621776504298,-0.26557859394835415,14.917808219178083,8.0,20.787354451036084,1.3934590219702792,0.8869110687292504,1.0789891926255561,1.2646217418944692,1.3161863389136115,0.8271739695410364,0.8172988627534081,0.8121424030514939,1.0693515238969784,2.799957618139436,9.13140538388804,7.198931240688173,2025-11-21
3892,149,36.601292,52.139378,2023-11-01,2025-11-21,752.0,23236.0,669723.0,890.5890957446809,603.5,1717.2999999999997,752.0,1.0,0.0023570987315013874,False,reliable,1,0.06590037970922306,0.13372244943058548,0.22352524849825972,0.4130648044042089,0.6786298215829529,0.8976188663074136,94477.0,99822.0,0.0023224803422394564,0.9464552257495767,-0.05503161452344152,917.1397260273973,630.0,897.7601001692873,0.9788694946820665,0.8290826291847931,0.9211330273163368,1.2262413059523494,1.468675634698798,0.8946600813388833,0.8427329274043001,0.8195001617710994,1.1789344506218886,2.273623865649102,13.414620966197928,11.456122282145918,2025-11-21
3914,987,35.953618,51.49081,2023-11-01,2025-11-21,752.0,14806.0,167505.0,222.74601063829786,119.0,467.69999999999993,752.0,1.0,0.0005895360067074596,False,reliable,1,0.03397510522073968,0.07255305811766813,0.12687979463299603,0.2709829557326647,0.5345870272529178,0.8304408823617205,8119.0,51456.0,0.00019958527365011744,0.15780165963814446,-1.8464163532736766,268.0931506849315,121.0,467.9039620186375,1.7453036783044402,0.7823055855583907,0.8972914514716588,1.1726693299751119,2.0745516082829836,0.8162468459942825,0.594153416942981,0.6663154762747012,1.439407299699163,1.8410650246599722,12.028774450501228,9.002085433155724,2025-11-21
3927,424,32.556267,51.50629,2023-11-02,2025-11-20,669.0,2145.0,5873.0,8.778774289985053,6.0,18.0,751.0,0.8908122503328895,2.0670099205354527e-05,False,reliable,1,0.03831091435382258,0.08871105057040694,0.17214370849650945,0.39809296781883197,0.6245530393325387,0.8276860207730291,703.0,972.0,1.7281493703169427e-05,0.723535457348407,-0.3236057260279628,9.027397260273972,6.0,12.245399004465462,1.3564706029225777,0.8180226450332673,0.9373176141006188,1.1162600677016459,1.3591105404458972,0.8234889913247632,1.0736547216061632,0.875539862262169,1.0887491870799915,2.8332555153495975,8.678291111758565,6.556778356158042,2025-11-21
3933,149,36.06636,52.837914,2023-11-01,2025-11-21,752.0,12379.0,102510.0,136.31648936170214,60.0,318.9,752.0,1.0,0.0003607852663955206,False,reliable,1,0.046102819237147596,0.10070237050043898,0.18790361915910642,0.38786459857574873,0.6660716027704614,0.9071115013169447,11271.0,28892.0,0.0002770692966264902,0.3901290970131174,-0.9412775766504566,144.63013698630138,69.0,198.5462070703295,1.372785860592352,0.630254855960482,0.7491257085403703,1.29680920046046,2.1594871552013055,0.8794064770700567,0.7145547670741835,0.5726809419033325,1.5133511938588657,2.7523788013464086,11.537725388875705,9.330077053578517,2025-11-21
3935,289,34.983292,60.318756,2025-01-11,2025-01-11,1.0,1.0,2.0,2.0,2.0,2.0,315.0,0.0031746031746031746,7.03902578081203e-09,True,one_off_anomaly,0,0.0,0.0,0.0,0.0,0.0,0.0,0.0,0.0,,,,0.006349206349206349,0.0,0.1126872339638022,17.748239349298846,0.0,0.0,0.0,0.0,0.0,7.0,0.0,0.0,0.0,1.0986122886681098,0.0,2025-11-21
4078,289,36.13649,59.027069,2025-01-11,2025-01-11,1.0,1.0,2.0,2.0,2.0,2.0,315.0,0.0031746031746031746,7.03902578081203e-09,True,one_off_anomaly,0,0.0,0.0,0.0,0.0,0.0,0.0,0.0,0.0,,,,0.006349206349206349,0.0,0.1126872339638022,17.748239349298846,0.0,0.0,0.0,0.0,0.0,7.0,0.0,0.0,0.0,1.0986122886681098,0.0,2025-11-21
4125,987,35.571861,51.087383,2023-11-03,2025-11-21,603.0,1319.0,2850.0,4.72636815920398,3.0,10.0,750.0,0.804,1.0030611737657142e-05,False,reliable,1,0.03929824561403509,0.11754385964912281,0.20175438596491227,0.3568421052631579,0.5522807017543859,0.8003508771929825,499.0,575.0,1.2266664804952409e-05,0.8680555555555556,-0.14149956227370009,4.597260273972603,3.0,5.219836757024445,1.1354233708664614,0.9495622077564865,0.9286467406252864,1.1252521316585677,1.7527161455945723,0.8249375941709581,0.723675162739525,0.6985766021820848,1.284408876780748,1.2381956541670487,7.955425088912672,6.214608098422191,2025-11-21
4138,424,32.394131,51.385895,2023-11-01,2025-11-21,736.0,3710.0,10342.0,14.05163043478261,11.0,27.5,752.0,0.9787234042553191,3.6398802312579e-05,False,reliable,1,0.06478437439566814,0.12280023206343067,0.20112163991491008,0.3693676271514214,0.600560819957455,0.8310771610906981,1309.0,1576.0,3.217848543022586e-05,0.8306911857958148,-0.18549717076784145,14.443835616438356,11.0,12.492646037883606,0.8649119506501358,0.8920494338741684,0.9812543772615852,1.0904305766312594,1.5564265495506011,0.7485076015689867,0.9000379362670713,0.8361299171238473,1.1486198424741674,2.353945371775417,9.244065241377804,7.177782416195197,2025-11-21
4161,754,37.179142,49.697716,2023-11-01,2025-11-21,752.0,13813.0,152557.0,202.86835106382978,130.0,438.9,752.0,1.0,0.0005369263280216704,False,reliable,1,0.05793899984923668,0.112279344769496,0.18642867911665803,0.35409715712815537,0.5998348158393256,0.8367429878668301,22468.0,25505.0,0.0005523194886526468,0.8809299772602525,-0.12677713718061412,228.34246575342465,153.0,244.36433679712553,1.070165971935339,0.8053860921009521,0.9700341952126703,1.2643795253279926,1.5107200376562666,0.9081030542516502,0.7981432599436079,0.7450010844635597,1.2065419412710792,2.2543736184626457,11.935300130592145,10.019891860406231,2025-11-21
4174,149,36.416595,52.656513,2023-12-21,2025-11-20,175.0,295.0,429.0,2.4514285714285715,2.0,5.0,702.0,0.2492877492877493,1.5098710299841803e-06,False,sparse,0,0.09557109557109557,0.13986013986013987,0.1888111888111888,0.3822843822843823,0.6363636363636364,0.8881118881118881,179.0,124.0,4.4002665332394415e-06,1.44,0.3646431135879089,1.16986301369863,0.0,1.8076975924027783,1.5452215953794242,1.0520626914069537,0.8712394163213835,1.0027472527472527,1.5287785984507296,0.7419026998365075,1.0027472527472527,0.8054854981084489,1.1315936210549793,2.3342640965591785,6.063785208687608,5.19295685089021,2025-11-21
4192,754,37.362389,49.861843,2023-11-01,2025-11-21,747.0,7008.0,30074.0,40.25970548862115,22.0,81.0,752.0,0.9933510638297872,0.00010584583066607049,False,reliable,1,0.07644476956839795,0.1508944603311831,0.23645008977854626,0.4098556892997273,0.6620669016426148,0.8903371683181486,4549.0,5432.0,0.00011182576793131966,0.8374746916988772,-0.17736423460652695,45.964383561643835,27.0,58.864636508527326,1.2806575863153409,0.8857192309984824,0.9928255716388279,1.2940621546897997,1.405770720904535,0.822622165790767,0.7982769450850753,0.8041343230888441,1.111419545466157,2.5094680904718456,10.31144954084288,8.422882511944996,2025-11-21
4198,754,36.776726,49.752411,2023-11-01,2025-11-21,736.0,6154.0,34573.0,46.974184782608695,24.0,109.5,752.0,0.9787234042553191,0.00012168011916000715,False,reliable,1,0.033378648077979925,0.08324415005929482,0.16533132791484684,0.3367078355942498,0.6115176582882597,0.8724727388424494,5433.0,8568.0,0.00013355669315692672,0.6341463414634146,-0.45547552868282537,54.56986301369863,32.0,73.71003235304322,1.3507461496566309,0.6071962353341006,0.7312432897958553,1.2728919338518696,2.0647491252597185,1.0134144331381305,0.7340625410336225,0.5761844717186619,1.534075423522155,2.873521824094171,10.450857233482733,8.600430789986293,2025-11-21
4235,754,37.151093,49.872372,2023-11-01,2025-11-21,752.0,23999.0,563733.0,749.6449468085107,488.5,1688.1999999999996,752.0,1.0,0.001984065560247254,False,reliable,1,0.06891205588461204,0.13129797262179083,0.22010597215348401,0.41017822266924236,0.6612882339689179,0.8769435175872266,103249.0,95896.0,0.002538117984862788,1.0766760169765477,0.07387853302708791,857.0164383561644,577.0,865.4194909599819,1.0098050074977971,0.8108183043926991,0.9405169206375047,1.2482482049249202,1.4884823546683263,0.9066997656008212,0.8359726553979634,0.7710560296546722,1.1948206668533001,2.4569585271814414,13.242337788021544,11.54490851082328,2025-11-21
4247,149,36.201221,51.806103,2023-11-01,2025-11-21,723.0,6221.0,26220.0,36.2655601659751,16.0,85.4000000000002,752.0,0.961436170212766,9.22816279864457e-05,False,reliable,1,0.04984744469870328,0.10083905415713196,0.17299771167048056,0.3544622425629291,0.6237604881769642,0.8801678108314264,2808.0,10195.0,6.90276448342813e-05,0.27550019615535504,-1.2891669383917614,42.673972602739724,17.0,65.48463041594975,1.5345332628288175,0.6849788629449647,0.8593780866026628,1.362747422069456,1.9927477183833116,0.8055813976025041,0.6881333708664218,0.6101719608075541,1.3935113850368088,2.256825095808147,10.174315895415749,7.940583827104244,2025-11-21
4252,754,37.302834,49.320122,2023-11-01,2025-11-21,752.0,17691.0,261608.0,347.8829787234043,203.0,736.6999999999999,752.0,1.0,0.0009207327282333368,False,reliable,1,0.06838475887587536,0.12957172563530167,0.21592229595425216,0.39369208892694413,0.6483287972844867,0.86566924558882,46224.0,39609.0,0.0011363012303489382,1.167003281999495,0.15443916563936178,397.3150684931507,244.0,468.54203596915295,1.1792707428543705,0.8834298717418286,0.9723924021089929,1.228147576461602,1.3522498223056765,0.8601129837654143,0.8741367238471086,0.8322207546969648,1.1038378942805918,2.5411919310864284,12.474606301643112,10.741276056255325,2025-11-21
4324,149,36.088931,52.921852,2023-11-01,2025-11-21,752.0,37630.0,4501305.0,5985.777925531915,3625.0,14309.899999999998,752.0,1.0,0.015842400971149046,False,reliable,1,0.046579158710640584,0.10280574189040734,0.19041100303134315,0.38925867054109864,0.6749680370470341,0.9179035857379138,687077.0,883884.0,0.01689006664166791,0.7773386809369998,-0.251879140782,6722.175342465754,4118.0,7234.565176522107,1.0762238126725812,0.6415162348030622,0.7618641815293746,1.2988154785936936,2.00970314441716,0.9212987998614154,0.7374730387655509,0.6308426066477928,1.4603180943080698,2.679627078920524,15.319878134856447,13.44020310187754,2025-11-21
4353,490,25.643616,57.774564,2023-11-01,2025-11-21,738.0,3854.0,8581.0,11.627371273712738,7.0,21.0,752.0,0.9813829787234043,3.0200940112574013e-05,False,reliable,1,0.1263256030765645,0.24565901410092064,0.3675562288777532,0.5452744435380492,0.6995688148234471,0.8306724158023541,505.0,365.0,1.2414159772547026e-05,1.3825136612021858,0.3239033358860999,13.2986301369863,6.0,21.992284443445087,1.65372555044447,1.068646794079427,1.11781322303572,1.0484017939209533,0.9225935786504391,0.7377692780122987,1.068646794079427,1.0411714367214986,0.8293013126140444,3.1842493106399163,9.05742226555147,6.226536669287466,2025-11-21
4380,929,35.748386,50.940781,2023-11-01,2025-11-21,720.0,3381.0,7391.0,10.265277777777778,7.0,21.0,752.0,0.9574468085106383,2.6012719772990854e-05,False,reliable,1,0.043972398863482615,0.08956839399269381,0.17724259234203762,0.3680151535651468,0.621566770396428,0.8457583547557841,868.0,1226.0,2.1337605312021426e-05,0.7082314588427058,-0.3449843194455191,9.624657534246575,7.0,10.76517304901562,1.1184993347255057,0.7472793360923164,0.9730615953929361,1.2807648514309489,1.7862773434933983,0.7469023411694569,0.7272986051807572,0.7432831899100046,1.2616404375584562,2.553537410497274,8.90815361332152,6.767343125265392,2025-11-21
4396,929,35.889408,50.614883,2023-11-02,2025-11-08,308.0,536.0,1098.0,3.564935064935065,2.0,8.300000000000011,751.0,0.41011984021304926,3.864425153665804e-06,False,reliable,1,0.10473588342440801,0.1721311475409836,0.24225865209471767,0.40528233151183973,0.6111111111111112,0.8715846994535519,51.0,251.0,1.2537072245542542e-06,0.20634920634920634,-1.5781853689299958,1.1506849315068493,0.0,2.386265835876237,2.07377864308292,0.701923076923077,1.0361721611721613,1.5375457875457876,1.7715201465201464,0.672282120395328,0.5347985347985349,0.7520604395604397,1.2166666666666666,2.506868131868132,7.002155954403621,3.9512437185814275,2025-11-21
4397,424,34.058197,51.482487,2023-11-01,2025-11-21,730.0,3741.0,20050.0,27.465753424657535,13.0,50.0,752.0,0.9707446808510638,7.05662334526406e-05,False,reliable,1,0.03625935162094763,0.09027431421446384,0.1658852867830424,0.3399002493765586,0.5964588528678304,0.8453366583541148,1117.0,1377.0,2.745864646719808e-05,0.8113207547169812,-0.20909179785855958,24.54794520547945,12.0,40.68839005234704,1.657506960837798,0.7841796875,0.8695698832417583,1.283203125,2.026646205357143,0.6325703335579516,0.6737208104395606,0.7371759100274726,1.3229698129251701,3.6913633241758244,9.906034306802704,7.0192966537150445,2025-11-21
4404,289,34.975067,59.623047,2025-01-11,2025-01-11,1.0,1.0,2.0,2.0,2.0,2.0,315.0,0.0031746031746031746,7.03902578081203e-09,True,one_off_anomaly,0,0.0,0.0,0.0,0.0,0.0,0.0,0.0,0.0,,,,0.006349206349206349,0.0,0.1126872339638022,17.748239349298846,0.0,0.0,0.0,0.0,0.0,7.0,0.0,0.0,0.0,1.0986122886681098,0.0,2025-11-21
4419,289,36.207928,58.794029,2023-11-01,2025-11-21,752.0,20289.0,282448.0,375.59574468085106,238.0,822.8,752.0,1.0,0.000994079376869398,False,reliable,1,0.04976845295417209,0.10395541834249136,0.17971803659434657,0.3432844275760494,0.5832436413074265,0.8328364867161389,34516.0,49111.0,0.00084848938358264,0.7028221208665907,-0.35265144782789193,430.6684931506849,281.0,509.18052803594634,1.182302713418581,0.7976418898352942,0.9493291484016322,1.2106402573595978,1.8936571272538294,0.7496025221568542,0.7195432689249247,0.6844011221802359,1.3161819456334514,3.224504066998055,12.551253282297504,10.44920723527944,2025-11-21
4516,490,26.733498,54.273415,2023-11-01,2025-11-21,696.0,4214.0,11041.0,15.863505747126437,8.0,28.0,752.0,0.925531914893617,3.885894182297281e-05,False,reliable,1,0.11022552305044833,0.22416447785526672,0.3443528665881714,0.523231591341364,0.696857168734716,0.840413006068291,724.0,383.0,1.779772608975059e-05,1.8880208333333333,0.6355291022669478,16.202739726027396,9.0,26.463379074368405,1.6332657020873298,1.126352722353737,1.1322871413334723,1.0420839728414975,0.9827397830441457,0.8163073232049312,0.9601889909211521,0.9435726177778935,0.8987310176014945,3.0313012148487295,9.30946146284399,6.586171654854675,2025-11-21
4541,754,37.133598,49.367928,2023-11-02,2025-11-21,500.0,1139.0,2641.0,5.282,3.0,11.0,751.0,0.6657789613848203,9.295033543562284e-06,False,reliable,1,0.05490344566452102,0.14918591442635365,0.23854600530102235,0.4040136312003029,0.6652783036728512,0.8621734191594093,376.0,544.0,9.243017969262737e-06,0.691743119266055,-0.3685406072152331,4.517808219178082,2.0,7.00414599483515,1.5503415937627831,0.7619419694919998,0.9620049447217427,1.4089541447030833,1.3961841675607594,0.8853850818677986,0.8130218780612958,0.7747119466343237,1.138352248115741,2.8860148341652283,7.879291485082271,5.932245187448011,2025-11-21
4609,929,35.838154,50.847981,2023-11-01,2025-11-21,752.0,17795.0,409752.0,544.8829787234042,401.0,1101.6,752.0,1.0,0.0014421274458696453,False,reliable,1,0.032961401042581856,0.0722803061363947,0.13558201058201058,0.28870145844315587,0.5399656377516157,0.82886233624241,48399.0,82015.0,0.0011897681561019874,0.5901287553648069,-0.527414536459073,606.6493150684931,420.0,502.46736571174324,0.8282666002103912,0.7335374638142593,0.8501299785899226,1.0732027155329191,2.016815925790441,0.9414534250437834,0.7374999609178368,0.6484864259830727,1.474013901604033,1.941560180799298,12.923309818116797,10.787255092704724,2025-11-21
4611,289,36.27899,59.34059,2025-02-19,2025-11-21,267.0,1270.0,5999.0,22.46816479400749,12.0,50.400000000000006,276.0,0.967391304347826,2.1113557829545684e-05,False,reliable,1,0.032505417569594935,0.09534922487081181,0.21520253375562592,0.40840140023337224,0.6124354059009834,0.8621436906151025,1380.0,2007.0,3.392384254676217e-05,0.6877490039840638,-0.3743313274023272,21.735507246376812,11.0,34.636800819568975,1.5935584307719681,0.8588098016336057,1.164347904137869,1.150191698616436,1.5171028504750792,0.7614269044840807,0.7951068767871567,0.7420211060817828,1.13926487747958,3.75072035815493,8.699514748210191,7.2305631534092925,2025-11-21
4655,149,36.699024,51.199955,2023-11-01,2025-11-21,752.0,41087.0,5489632.0,7300.04255319149,5259.5,14030.499999999998,752.0,1.0,0.019320830587585353,False,reliable,1,0.06679792015202476,0.12987846908499515,0.21903617583109397,0.40826634645090965,0.6578752455538003,0.8763742269062844,889546.0,775907.0,0.021867259740653698,1.1464593740495008,0.13667838792960119,7535.745205479452,5481.0,6676.481138570872,0.8859749044747711,0.851416484681886,0.9324201625237565,1.2383645871166717,1.489161589424828,0.8388548251098815,0.8273363793288557,0.8255449174850843,1.1609115083896646,2.222775422209026,15.518371962435202,13.698467623365525,2025-11-21
4684,424,32.905769,51.80904,2025-01-11,2025-01-11,1.0,1.0,2.0,2.0,2.0,2.0,315.0,0.0031746031746031746,7.03902578081203e-09,True,one_off_anomaly,0,0.0,0.0,0.0,0.0,0.0,0.0,0.0,0.0,,,,0.006349206349206349,0.0,0.1126872339638022,17.748239349298846,0.0,0.0,0.0,0.0,0.0,7.0,0.0,0.0,0.0,1.0986122886681098,0.0,2025-11-21
4729,987,35.526245,51.403061,2025-01-11,2025-01-11,1.0,1.0,2.0,2.0,2.0,2.0,315.0,0.0031746031746031746,7.03902578081203e-09,True,one_off_anomaly,0,0.0,0.0,0.0,0.0,0.0,0.0,0.0,0.0,,,,0.006349206349206349,0.0,0.1126872339638022,17.748239349298846,0.0,0.0,0.0,0.0,0.0,7.0,0.0,0.0,0.0,1.0986122886681098,0.0,2025-11-21
4756,149,36.570366,51.968861,2023-11-01,2025-11-21,752.0,23936.0,838348.0,1114.8244680851064,728.0,2138.4999999999995,752.0,1.0,0.002950576592646102,False,reliable,1,0.05412549442474963,0.1129340083115842,0.1912129569104954,0.366659191648337,0.6289273666782768,0.8707076297671135,115286.0,140532.0,0.002834017472352191,0.8203553613741968,-0.19801766507091756,1204.194520547945,797.0,1313.0379789007732,1.0903869403950626,0.8444042102219798,0.941772200193108,1.2367507376306528,1.4552498091059651,0.8825597250036199,0.8218069155181669,0.8197148691533616,1.16617767141621,2.2910941960337796,13.639189760546014,11.655179950550941,2025-11-21
4791,754,37.2257,49.311001,2023-11-01,2025-11-21,752.0,33417.0,2405470.0,3198.7632978723404,1886.0,7024.699999999999,752.0,1.0,0.008466082672484956,False,reliable,1,0.0661903910670264,0.13173475453861408,0.22440770410772115,0.4125663591730514,0.6587602422811343,0.8704585798201598,461949.0,342347.0,0.011355858797561043,1.3493579632420811,0.29962889654133384,3610.991780821918,2310.0,4123.740789814585,1.1419967255854448,0.8257479971584244,0.9555866072422826,1.2406404056318852,1.41006967311375,0.8905304438205074,0.870792089204744,0.8087379676010887,1.147826062137161,2.7437806099115707,14.6932562843433,13.04321193909889,2025-11-21
4797,987,35.596375,51.304565,2025-01-11,2025-11-13,2.0,2.0,3.0,1.5,1.5,1.9,315.0,0.006349206349206349,1.0558538671218044e-08,False,sparse,0,0.0,0.0,0.0,0.0,0.0,0.0,1.0,0.0,2.4582494599103025e-08,2.0,0.6931471805599453,0.009523809523809525,0.0,0.12582756084516564,13.211893888742392,0.0,0.0,0.0,2.333333333333333,0.0,4.666666666666666,0.0,1.1666666666666665,0.0,1.3862943611198906,0.6931471805599453,2025-11-21
4820,289,35.24276,58.459881,2023-11-01,2025-11-21,751.0,5383.0,16473.0,21.93475366178429,17.0,41.0,752.0,0.9986702127659575,5.797693584365828e-05,False,reliable,1,0.058823529411764705,0.11509743216171918,0.2019061494566867,0.3902142900503855,0.6151884902567838,0.8428337279184119,2095.0,2476.0,5.1500326185120836e-05,0.8461849010900283,-0.16701738404842636,23.421917808219177,18.0,22.842089588114913,0.9752442039609245,0.8506168062841358,0.9688492581228575,1.1437347598009664,1.68070714523516,0.705676709402181,0.8522589236707847,0.8038164607646419,1.1885489252432755,2.3531542150678892,9.709538659501193,7.647786045440933,2025-11-21
4879,987,35.51601,51.162189,2023-11-02,2025-11-21,417.0,1289.0,7433.0,17.82494004796163,8.0,44.400000000000034,751.0,0.5552596537949401,2.6160539314387908e-05,False,reliable,1,0.07507063096999865,0.1434145028925064,0.2394726220906767,0.42405489035382754,0.6609713440064577,0.9105341046683708,1683.0,1374.0,4.137233841029039e-05,1.2247272727272727,0.20271818470160063,13.0,4.0,20.580450555197892,1.5831115811690686,0.6346153846153846,0.735207100591716,1.2366863905325443,1.8624260355029585,1.1059506531204646,0.856508875739645,0.5665680473372781,1.4805860805860804,3.334319526627219,8.913819350857198,7.428927194802272,2025-11-21
4933,754,37.110168,50.113869,2023-11-01,2025-11-21,725.0,4767.0,14464.0,19.950344827586207,13.0,41.0,752.0,0.964095744680851,5.09062344468326e-05,False,reliable,1,0.09596238938053098,0.16025995575221239,0.2724004424778761,0.48783185840707965,0.7264242256637168,0.9137168141592921,2130.0,2275.0,5.236071349608944e-05,0.9362917398945518,-0.06582816314760453,24.2,17.0,26.08473091318342,1.07788144269353,0.9965034965034966,1.0068340750158933,1.223776223776224,1.3652256834075016,0.7882426321534384,0.8026064844246663,0.8208836617927527,1.073986619441165,2.43006993006993,9.579487217410236,7.664346632098617,2025-11-21
4946,424,32.704403,51.153179,2023-11-01,2025-11-20,685.0,2103.0,4952.0,7.2291970802919705,5.0,16.0,752.0,0.910904255319149,1.7428627833290585e-05,False,reliable,1,0.05735056542810985,0.11692245557350565,0.20193861066235863,0.3818659127625202,0.5920840064620355,0.8132067851373183,644.0,721.0,1.5831126521822348e-05,0.8933518005540166,-0.11277482209705347,6.8273972602739725,4.0,8.685614927492116,1.272170725736205,0.8393783183109026,1.0787983084331398,1.335118533152241,1.4675037041610077,0.7157621369514522,0.8421950240770466,0.7267100876651439,1.088053198807613,2.788538708482529,8.507748732588238,6.4692503167957724,2025-11-21
4973,929,35.744541,51.068855,2023-11-01,2025-11-21,752.0,9132.0,33520.0,44.57446808510638,36.0,85.89999999999998,752.0,1.0,0.00011797407208640961,False,reliable,1,0.07398568019093078,0.15357995226730312,0.2546837708830549,0.44272076372315033,0.6579653937947494,0.8626789976133652,5342.0,5243.0,0.00013131968614840835,1.018878718535469,0.018702727074181524,52.602739726027394,43.0,33.31210209997913,0.6332769409631449,0.7132562099358974,0.9168870192307693,1.2287309695512822,1.7931941105769231,0.915369496855346,0.7574919871794872,0.6766977163461539,1.3501016865079367,1.3541266025641026,10.419927387086586,8.583542571957771,2025-11-21
4981,987,35.901733,51.519836,2023-11-01,2025-11-21,752.0,23989.0,499237.0,663.8789893617021,371.5,1344.3999999999999,752.0,1.0,0.0017570710568676276,False,reliable,1,0.039890873472919676,0.08183888614025002,0.1428159371200452,0.28941765133593866,0.5495225714440236,0.8446409220470438,41502.0,140964.0,0.0010202226908519736,0.2944206008583691,-1.2227459188338603,772.5506849315068,392.0,1184.068081082446,1.5326736538812644,0.7261410547846514,0.8762681228113297,1.2145829929075964,2.122564245326949,0.8519438583878896,0.5901778570460149,0.6211691022281097,1.4812034785862813,2.02272016145114,13.12083821493511,10.633520992762682,2025-11-21
4994,424,32.379417,51.564823,2025-01-11,2025-01-11,1.0,1.0,2.0,2.0,2.0,2.0,315.0,0.0031746031746031746,7.03902578081203e-09,True,one_off_anomaly,0,0.0,0.0,0.0,0.0,0.0,0.0,0.0,0.0,,,,0.006349206349206349,0.0,0.1126872339638022,17.748239349298846,0.0,0.0,0.0,0.0,0.0,7.0,0.0,0.0,0.0,1.0986122886681098,0.0,2025-11-21
4995,490,26.948942,56.272881,2023-11-01,2025-11-21,752.0,44681.0,20395855.0,27122.14760638298,16713.5,55646.8,752.0,1.0,0.07178347458335196,False,reliable,1,0.17719669020984902,0.31167675981222653,0.4609516982739875,0.6741119702998477,0.8587497312566695,0.9589857350917625,1178107.0,442135.0,0.028960808964665467,2.664582843288038,0.9800475137662232,27267.528767123287,15771.0,36139.21870962576,1.325357314858659,0.9760630363821846,1.0854401028983212,1.1396049786487437,1.1425332291157395,0.8287070179999352,0.9188006471319917,0.9121450836307777,0.9841257130287145,2.65156747152192,16.830842300924377,13.97942031980618,2025-11-21
4998,424,31.528242,51.326473,2025-01-11,2025-01-11,1.0,1.0,2.0,2.0,2.0,2.0,315.0,0.0031746031746031746,7.03902578081203e-09,True,one_off_anomaly,0,0.0,0.0,0.0,0.0,0.0,0.0,0.0,0.0,,,,0.006349206349206349,0.0,0.1126872339638022,17.748239349298846,0.0,0.0,0.0,0.0,0.0,7.0,0.0,0.0,0.0,1.0986122886681098,0.0,2025-11-21
5163,149,36.593922,53.211674,2023-11-01,2025-11-21,456.0,911.0,2172.0,4.7631578947368425,4.0,9.0,752.0,0.6063829787234043,7.644381997961864e-06,False,reliable,1,0.10543278084714548,0.1289134438305709,0.1938305709023941,0.3236648250460405,0.5151933701657458,0.7840699815837937,355.0,589.0,8.726785582681574e-06,0.6033898305084746,-0.5051918060477343,3.835616438356164,2.0,5.675796160035918,1.47976114172365,0.7320054945054945,1.123076923076923,1.28853021978022,1.479052197802198,0.8706873315363882,0.7520604395604396,0.7570741758241758,1.1719727891156464,2.3263736263736265,7.6838639802564295,5.87493073085203,2025-11-21
5171,424,32.845421,51.74332,2025-01-11,2025-01-11,1.0,1.0,2.0,2.0,2.0,2.0,315.0,0.0031746031746031746,7.03902578081203e-09,True,one_off_anomaly,0,0.0,0.0,0.0,0.0,0.0,0.0,0.0,0.0,,,,0.006349206349206349,0.0,0.1126872339638022,17.748239349298846,0.0,0.0,0.0,0.0,0.0,7.0,0.0,0.0,0.0,1.0986122886681098,0.0,2025-11-21
5241,424,32.341774,51.500683,2025-01-11,2025-01-11,1.0,1.0,2.0,2.0,2.0,2.0,315.0,0.0031746031746031746,7.03902578081203e-09,True,one_off_anomaly,0,0.0,0.0,0.0,0.0,0.0,0.0,0.0,0.0,,,,0.006349206349206349,0.0,0.1126872339638022,17.748239349298846,0.0,0.0,0.0,0.0,0.0,7.0,0.0,0.0,0.0,1.0986122886681098,0.0,2025-11-21
5244,929,35.950684,50.683861,2023-11-01,2025-11-21,752.0,12333.0,102106.0,135.77925531914894,91.0,226.0,752.0,1.0,0.00035936338318779656,False,reliable,1,0.040830117720799954,0.0953714767006836,0.1678549742424539,0.3242512682898165,0.5586743188451218,0.8281491783048989,8771.0,33184.0,0.00021561306012873264,0.26433629651951185,-1.3305331360422468,167.81917808219177,97.0,274.0200324841585,1.632829070047962,0.8384711453694704,1.0068070907771172,1.2318661764004109,1.5526097510743413,0.8310831914866091,0.7739557353868257,0.7684553096689447,1.1884106305205335,1.5433277826754173,11.533776562037675,9.079320109537779,2025-11-21
5262,929,35.955669,50.793533,2023-11-01,2025-11-21,752.0,9801.0,78845.0,104.84707446808511,73.0,213.89999999999998,752.0,1.0,0.0002774959938440622,False,reliable,1,0.0379478724078889,0.08228803348341683,0.14903925423298878,0.3082503646394825,0.5489251062210666,0.8307819138816666,6404.0,19384.0,0.00015742629541265577,0.3304101109104978,-1.1074206357741954,111.2931506849315,71.0,125.63613553376715,1.1288757193103494,0.7613295940433944,0.8518735584734305,1.1622112686191264,1.9126548516718869,0.8941200186161788,0.7658222334998466,0.6540246285642869,1.398537269272339,2.063849448764027,11.275251861871693,8.764834214330834,2025-11-21
5265,424,32.683331,51.533596,2023-11-01,2025-11-21,750.0,5251.0,14354.0,19.138666666666666,15.0,34.10000000000002,752.0,0.9973404255319149,5.051908802888794e-05,False,reliable,1,0.04772188936881706,0.12644559007942038,0.23366309042775532,0.44663508429706006,0.6804375087083739,0.8706283962658492,1936.0,1696.0,4.7591709543863455e-05,1.1414260459634649,0.13227839817276887,22.55068493150685,17.0,21.780644215487936,0.9658528901291575,0.9747273440931562,1.0395386110669793,1.1811000626150667,1.2416474304458753,0.7630609545597292,0.8715409848322009,0.9329411324916124,1.0000752092842968,2.3929001990598393,9.571853592555165,7.5688956634069955,2025-11-21
5270,754,35.951717,52.115266,2024-06-06,2025-11-21,325.0,3031.0,10533.0,32.40923076923077,22.0,72.0,534.0,0.6086142322097379,3.7071029274646554e-05,False,reliable,1,0.03759612645969809,0.08031899743662774,0.14867559099971517,0.30836418874015,0.5589100920915219,0.855881515237824,2665.0,4319.0,6.551234810660956e-05,0.6171296296296296,-0.4826761804995021,28.764383561643836,19.0,35.617925824958654,1.2382648753319276,0.7848916013979353,0.8564277183907625,1.2214624836064973,2.018388198143413,0.7156386861641809,0.7294009685904151,0.6792588305113308,1.360809873049134,2.631459406390352,9.262363400043334,7.888334500738654,2025-11-21
5297,754,37.797498,48.904184,2023-11-01,2025-11-21,752.0,32167.0,1868602.0,2484.843085106383,1358.5,6126.9,752.0,1.0,0.00657656882603846,False,reliable,1,0.06962156735356165,0.14243910688311368,0.24696270259798503,0.4574484026025874,0.7108795773524806,0.8991133478397219,373265.0,299234.0,0.009175784846534191,1.2474008722241716,0.2210620843433837,2699.043835616438,1651.0,3386.0551804254983,1.254538787308044,0.8607464158364477,0.9755947799646179,1.2467663098581607,1.3475712391766885,0.8611784884313205,0.8806537506198778,0.8301586605661311,1.1020587078480741,2.9492495605710736,14.440701650819742,12.830046581194004,2025-11-21
5303,289,35.996597,59.593586,2025-01-02,2025-01-11,2.0,3.0,4.0,2.0,2.0,2.0,324.0,0.006172839506172839,1.407805156162406e-08,False,sparse,0,0.0,0.0,0.0,0.0,0.0,0.5,0.0,0.0,,,,0.012345679012345678,0.0,0.1568914089164782,12.708204122234736,0.0,0.0,0.0,3.446808510638298,0.0,3.5217391304347827,0.0,1.723404255319149,0.0,1.6094379124341003,0.0,2025-11-21
5309,289,36.5724,59.1928,2023-11-01,2025-11-21,544.0,2458.0,7726.0,14.202205882352942,7.0,36.0,752.0,0.723404255319149,2.719175659127687e-05,False,reliable,1,0.0431012166709811,0.10315816722754335,0.19453792389334715,0.3792389334713953,0.6302096815946155,0.8635775304167745,1715.0,2691.0,4.215897823746169e-05,0.637444279346211,-0.4502884107167109,18.8,13.0,20.68128101968987,1.1000681393452059,0.9114157119476267,0.953355155482815,1.168166939443535,1.5210720130932898,0.7978723404255319,0.8745908346972177,0.7774140752864157,1.1560283687943262,2.6902618657937807,8.952475967933584,7.447751280047908,2025-11-21
5383,424,32.377392,51.318905,2025-01-11,2025-01-11,1.0,1.0,2.0,2.0,2.0,2.0,315.0,0.0031746031746031746,7.03902578081203e-09,True,one_off_anomaly,0,0.0,0.0,0.0,0.0,0.0,0.0,0.0,0.0,,,,0.006349206349206349,0.0,0.1126872339638022,17.748239349298846,0.0,0.0,0.0,0.0,0.0,7.0,0.0,0.0,0.0,1.0986122886681098,0.0,2025-11-21
5410,149,36.39558,51.589794,2024-02-08,2025-11-21,209.0,412.0,1042.0,4.985645933014354,4.0,11.0,653.0,0.32006125574272587,3.6673324318030673e-06,False,reliable,1,0.03550863723608445,0.06238003838771593,0.1295585412667946,0.2600767754318618,0.5460652591170825,0.845489443378119,162.0,518.0,3.98236412505469e-06,0.3140655105973025,-1.158153682359126,2.736986301369863,1.0,4.3389213112726805,1.585291570184713,0.800993300993301,0.9625972125972125,0.9555709555709555,1.7284592284592284,0.9720097455946513,0.8361245861245861,0.7447832447832446,1.3466323466323464,2.5294525294525294,6.949856455000773,5.093750200806762,2025-11-21
5413,754,37.365501,49.131767,2023-11-01,2025-11-21,752.0,41834.0,9559857.0,12712.57579787234,8780.5,29019.599999999995,752.0,1.0,0.033646039941938176,False,reliable,1,0.06674147950121011,0.13563863978300095,0.2360256016381835,0.44355600716621596,0.7035293519557876,0.9075083445285844,1819441.0,1545744.0,0.04472639855588661,1.1770647810602655,0.16302386589715745,13611.082191780823,9789.0,12917.259111756599,0.9490251347947046,0.8226243537834917,0.9355004177854513,1.2269625755124074,1.4211143224037128,0.8830720341248086,0.8951769412159264,0.8177979699025704,1.1495310721295993,2.3823545123035164,16.073083431360782,14.414040418637017,2025-11-21
5414,149,36.521194,52.67593,2023-11-01,2025-11-21,752.0,31473.0,1072036.0,1425.5797872340424,964.5,2895.4999999999995,752.0,1.0,0.0037730445209793024,False,reliable,1,0.05455600371629311,0.10929763552716514,0.18595457615229338,0.3566484707603103,0.6051951613565216,0.8500582070005112,161251.0,197646.0,0.0039639518365999615,0.8158585761483858,-0.20351425258220246,1576.5068493150684,1064.0,1507.0728334639464,0.9559570477722387,0.769434799028143,0.883928434167388,1.2303247432499724,1.7648926713031508,0.8605722923417556,0.7664949986799056,0.7270333633000358,1.3084261943035895,2.166108327958265,13.885071134942631,11.990723637681876,2025-11-21
5434,424,32.864319,51.554676,2023-11-01,2025-11-21,752.0,14106.0,77084.0,102.50531914893617,83.0,159.79999999999995,752.0,1.0,0.00027129813164405726,False,reliable,1,0.0708188469721343,0.14835763582585232,0.247587047895802,0.42582118208707387,0.6342301904415962,0.8289528306782211,10222.0,10010.0,0.0002512822597920311,1.021176705623814,0.020955595337531108,116.57260273972602,96.0,88.45759097541699,0.7588197303350773,0.9835402440986593,1.0320408867965802,1.138775294366495,1.2204345397252399,0.7888840258312614,0.8974268580839828,0.9429580736779496,1.0026042803311364,2.2161824285846006,11.25266398809444,9.232395362757014,2025-11-21
5506,289,36.99456,59.749882,2023-11-01,2025-11-21,742.0,7757.0,48471.0,65.32479784366576,29.0,128.0,752.0,0.9867021276595744,0.00017059430931086995,False,reliable,1,0.02892451156361536,0.06830888572548534,0.13911410946751665,0.31561139650512676,0.6174619875802025,0.8927399888593179,4700.0,13401.0,0.00011553772461578421,0.3507685420086554,-1.0476286975089852,83.43013698630136,39.0,190.4843700756391,2.2831602219101628,0.6133644120886338,0.8493979175297316,1.4496237458193981,2.2768935222140265,0.654937309319461,0.6368755620446808,0.5255433519586942,1.4581918147529602,4.867269043842012,10.788741590624825,8.45553053102413,2025-11-21
5529,424,32.554897,51.371861,2024-06-03,2025-11-21,84.0,121.0,229.0,2.7261904761904763,2.0,6.700000000000003,537.0,0.1564245810055866,8.059684519029774e-07,False,sparse,0,0.03056768558951965,0.0611353711790393,0.1222707423580786,0.21397379912663755,0.4978165938864629,0.834061135371179,87.0,52.0,2.1386770301219633e-06,1.6603773584905661,0.5070449009260849,0.6109589041095891,0.0,1.6042150560659518,2.6257331635160197,0.6924801655743359,0.6610037944118661,1.1646257330113832,2.7699206622973436,0.6176495473390303,0.4406691962745774,0.6610037944118661,1.6835361947469567,3.903070024146257,5.438079308923196,4.477336814478207,2025-11-21
5640,149,36.493694,51.144955,2023-11-01,2025-11-21,752.0,33745.0,2732604.0,3633.781914893617,2082.5,9331.799999999997,752.0,1.0,0.009617435002375038,False,reliable,1,0.05032452561732326,0.1025391897252584,0.18400873306194385,0.3721819919754198,0.6463750327526419,0.8850883626021188,402639.0,626071.0,0.009897871042888242,0.6431209189997317,-0.44142251799260634,3840.9479452054793,2444.0,3828.53729493542,0.9967688574677116,0.7769616441936917,0.9000983138931391,1.2666194127525376,1.632845111778145,0.8880227238854973,0.7970738667757312,0.7405323358773064,1.2568871445561418,2.151391982726428,14.820765924644054,12.90579814145024,2025-11-21
5657,929,35.727562,50.806129,2023-11-01,2025-11-21,752.0,9839.0,71179.0,94.65292553191489,75.0,177.89999999999998,752.0,1.0,0.00025051540802620975,False,reliable,1,0.04169769173492182,0.08624734823473215,0.1469675044605853,0.29281108192022925,0.5180460529088635,0.7954733840037089,8026.0,13125.0,0.00019729910165240086,0.6115343592869115,-0.49178413690209055,105.11780821917809,83.0,82.72312375614277,0.7869563222214374,0.7369021460191185,0.9017355207865528,1.0389442123243728,1.988428357766087,0.9513135946622184,0.7107410221659075,0.6728714233014691,1.4649323344850866,1.8667699846025532,11.172967159064184,8.990566138131577,2025-11-21
5683,424,32.604481,51.547707,2023-11-13,2025-11-21,582.0,1295.0,3316.0,5.697594501718213,4.0,13.0,740.0,0.7864864864864864,1.1670704744586344e-05,False,reliable,1,0.09861278648974668,0.20024125452352232,0.30036188178528345,0.47104945717732205,0.6640530759951749,0.8682147165259348,291.0,481.0,7.15350592833898e-06,0.6058091286307054,-0.5011903117823184,4.786301369863014,4.0,5.484075724976664,1.1457857124307282,0.9281295407511778,0.9763440623486417,1.076790982343358,1.3419708511294086,0.7292825436597509,0.960272555149487,0.9924155695477962,1.0327091340256767,2.3142970366782616,8.106816038947052,5.676753802268282,2025-11-21
5686,149,35.902943,52.21925,2025-01-11,2025-01-11,1.0,1.0,2.0,2.0,2.0,2.0,315.0,0.0031746031746031746,7.03902578081203e-09,True,one_off_anomaly,0,0.0,0.0,0.0,0.0,0.0,0.0,0.0,0.0,,,,0.006349206349206349,0.0,0.1126872339638022,17.748239349298846,0.0,0.0,0.0,0.0,0.0,7.0,0.0,0.0,0.0,1.0986122886681098,0.0,2025-11-21
5720,289,36.395214,59.298195,2023-11-01,2025-11-21,752.0,14461.0,140251.0,186.50398936170214,125.0,392.4999999999999,752.0,1.0,0.000493615202392334,False,reliable,1,0.045497001803908706,0.09517222693599332,0.17060127913526463,0.3437266044448881,0.6002238843216804,0.8508887637164797,20748.0,29506.0,0.0005100375979421895,0.7031890737791032,-0.35212947058867705,237.84109589041097,160.0,264.99901919558107,1.1141851588073894,0.7558375481588863,0.9535293330592367,1.1816227994002957,1.9499929555998994,0.7541105959614313,0.7326320093996221,0.6770034008059856,1.346357097877625,2.9420095236745007,11.851196083532821,9.940253331726451,2025-11-21
5752,289,36.297783,58.464157,2025-01-11,2025-01-11,1.0,1.0,2.0,2.0,2.0,2.0,315.0,0.0031746031746031746,7.03902578081203e-09,True,one_off_anomaly,0,0.0,0.0,0.0,0.0,0.0,0.0,0.0,0.0,,,,0.006349206349206349,0.0,0.1126872339638022,17.748239349298846,0.0,0.0,0.0,0.0,0.0,7.0,0.0,0.0,0.0,1.0986122886681098,0.0,2025-11-21
5762,289,34.739838,60.777138,2025-01-11,2025-01-11,1.0,1.0,2.0,2.0,2.0,2.0,315.0,0.0031746031746031746,7.03902578081203e-09,True,one_off_anomaly,0,0.0,0.0,0.0,0.0,0.0,0.0,0.0,0.0,,,,0.006349206349206349,0.0,0.1126872339638022,17.748239349298846,0.0,0.0,0.0,0.0,0.0,7.0,0.0,0.0,0.0,1.0986122886681098,0.0,2025-11-21
5799,490,27.097588,57.07415,2023-11-06,2025-11-21,132.0,219.0,254.0,1.9242424242424243,1.0,3.0,747.0,0.17670682730923695,8.939562741631278e-07,False,sparse,0,0.1220472440944882,0.15748031496062992,0.24015748031496062,0.42913385826771655,0.6417322834645669,0.8385826771653543,25.0,3.0,6.145623649775756e-07,6.5,1.8718021769015916,0.08767123287671233,0.0,0.4780757002104558,5.453050955525511,0.21935096153846154,0.8774038461538461,1.3161057692307694,1.9741586538461537,1.076061320754717,0.4387019230769231,1.0967548076923077,1.5208333333333333,0.0,5.541263545158426,3.258096538021482,2025-11-21
5802,149,36.682331,51.334121,2023-11-01,2025-11-21,752.0,13065.0,139164.0,185.05851063829786,123.0,415.9,752.0,1.0,0.0004897894918804626,False,reliable,1,0.059756833663878586,0.12201431404673622,0.19812595211405248,0.36743698082837517,0.6160573136730764,0.8479348107269121,22776.0,28608.0,0.0005598908969891705,0.7961480652941382,-0.2279700987597284,217.33150684931508,152.0,212.33480254711705,0.9770088360650697,0.8858321260465576,0.9663542751527775,1.2012842816110345,1.4944379958845582,0.8112986343909703,0.8177864857578948,0.8266350735717652,1.1496152705592233,2.0484480789109787,11.84341555848532,10.033506533859862,2025-11-21
5818,424,33.75201,51.430649,2023-11-01,2025-11-21,752.0,10100.0,84513.0,112.38430851063829,35.0,234.89999999999998,752.0,1.0,0.00029744459290688354,False,reliable,1,0.0526901186799664,0.10882349461029664,0.1909410386567747,0.3610095488268077,0.6038360962218831,0.8524724006957509,4000.0,10611.0,9.832997839641209e-05,0.37702600829249905,-0.9754411064003943,127.52602739726028,41.0,327.43936190050914,2.5676277116395436,0.5469471716759404,0.6666814022551234,1.3380375666613233,2.8375806257033833,0.6193334308880737,0.5199541902229508,0.478786123537665,1.7178939464156555,2.7481569497166634,11.344672480095143,8.294299608857235,2025-11-21
5842,987,35.712482,51.112892,2023-11-01,2025-11-21,752.0,8222.0,18687.0,24.84973404255319,24.0,38.0,752.0,1.0,6.57691373830172e-05,False,reliable,1,0.0751859581527265,0.14555573393268048,0.2489431155348638,0.4312088617755659,0.635736073205972,0.8357146679509819,2550.0,1981.0,6.268536122771271e-05,1.2870837537840565,0.25237900325187734,26.942465753424656,26.0,10.577005925256792,0.3925775028186627,0.9650193207240187,1.0028492201310995,1.0777952472583345,1.2819339497191848,0.8760806750549691,0.9214792478215297,0.8772254032321146,1.0770746777458187,1.0363964894166238,9.835636885627954,7.844240718141811,2025-11-21
5850,424,32.515644,51.541443,2025-01-11,2025-01-11,1.0,1.0,2.0,2.0,2.0,2.0,315.0,0.0031746031746031746,7.03902578081203e-09,True,one_off_anomaly,0,0.0,0.0,0.0,0.0,0.0,0.0,0.0,0.0,,,,0.006349206349206349,0.0,0.1126872339638022,17.748239349298846,0.0,0.0,0.0,0.0,0.0,7.0,0.0,0.0,0.0,1.0986122886681098,0.0,2025-11-21
5927,754,37.735703,48.945873,2023-11-01,2025-11-21,752.0,28042.0,1188841.0,1580.905585106383,934.5,4097.099999999999,752.0,1.0,0.004184141224143177,False,reliable,1,0.061459017648280975,0.12856723481104707,0.22948064543534416,0.4468991227590569,0.7021165992761017,0.8982698275042668,255873.0,245945.0,0.006289996640556288,1.0403665845348167,0.03957313617462255,1781.3123287671233,1226.0,1997.5313723447325,1.1213818823828936,0.8127974698565259,0.945338041228173,1.2440698283443126,1.4172459548713627,0.8778560748742429,0.8981062256583305,0.8069353268040861,1.1449824916347213,2.503728854787563,13.98849028206583,12.452440414797673,2025-11-21
5933,490,26.733732,54.267502,2023-11-04,2025-11-21,709.0,3618.0,8285.0,11.685472496473906,7.0,26.0,749.0,0.9465954606141522,2.9159164297013833e-05,False,reliable,1,0.09474954737477369,0.16499698249849126,0.23500301750150876,0.3867229933614967,0.5450814725407362,0.7185274592637296,421.0,464.0,1.0349230226222373e-05,0.9075268817204301,-0.09703209155134385,10.624657534246575,6.0,12.175635245538318,1.1459790780354528,1.0425675407624866,1.1149680644265483,1.0986779466021344,1.0461875669456897,0.8435344030671325,0.9629269647320189,0.8941464672511604,0.9438959699403228,2.2444162335859086,9.022322622637347,6.045005314036012,2025-11-21
5936,149,36.786312,50.867374,2023-11-01,2025-11-21,747.0,10475.0,138268.0,185.09772423025436,47.0,337.5999999999999,752.0,0.9933510638297872,0.00048663600833065884,False,reliable,1,0.08240518413515781,0.16482483293314432,0.2678276969363844,0.4601353892440767,0.6908322966991639,0.8802470564411143,9411.0,20852.0,0.00023134585667215855,0.45134992567016735,-0.7955123519213441,240.0849315068493,58.0,585.338984079572,2.438049653536349,0.7608685633728143,0.9374887531019493,1.3799603758065948,1.4735170114544995,0.8771267081973017,0.8249484508028859,0.7484530851832377,1.1724819060008662,5.282425520297963,11.836956342129708,9.149740749847252,2025-11-21
5947,754,37.087212,50.191029,2023-11-01,2025-11-21,752.0,17432.0,179644.0,238.88829787234042,145.0,565.9999999999998,752.0,1.0,0.0006322593736840981,False,reliable,1,0.07731958762886598,0.15192269154550112,0.2550544410055443,0.4604551223530983,0.7058070405913919,0.9029079735476832,33819.0,30461.0,0.0008313553848470652,1.110235703499442,0.10457233827712287,283.4328767123288,188.0,314.7906665568679,1.1106356828053008,0.872137031383259,0.9787285419094065,1.2350638231110522,1.4036697452354805,0.8622719751143942,0.8439116536755077,0.8068658454340841,1.1303927755553131,2.6860246459001447,12.098737960258998,10.428807622452572,2025-11-21
5951,490,27.018154,54.285995,2025-01-11,2025-01-11,1.0,1.0,2.0,2.0,2.0,2.0,315.0,0.0031746031746031746,7.03902578081203e-09,True,one_off_anomaly,0,0.0,0.0,0.0,0.0,0.0,0.0,0.0,0.0,,,,0.006349206349206349,0.0,0.1126872339638022,17.748239349298846,0.0,0.0,0.0,0.0,0.0,7.0,0.0,0.0,0.0,1.0986122886681098,0.0,2025-11-21
5986,987,35.693954,52.047218,2023-11-01,2025-11-21,752.0,31908.0,1625145.0,2161.097074468085,1091.5,4449.5999999999985,752.0,1.0,0.005719718776278883,False,reliable,1,0.04111079319076144,0.08580095929901639,0.15117851022524145,0.3099409591144175,0.5853231557799458,0.8717228308858594,130388.0,487223.0,0.003205262305787845,0.26761612728437023,-1.3182016861599664,2488.090410958904,1127.0,4090.478763730314,1.6440233625408545,0.6988445652456562,0.846942386614116,1.2396130048909921,2.179652738114528,0.8383636378784066,0.5914560609873514,0.6082359978482107,1.502621097042962,2.150954485896946,14.301108215863897,11.778277569088315,2025-11-21
6037,987,35.501045,51.225548,2023-11-01,2025-11-21,752.0,14955.0,63146.0,83.97074468085107,78.0,128.0,752.0,1.0,0.0002222431609775782,False,reliable,1,0.0691730275868622,0.14065815728628892,0.22984828809425775,0.3923922338707123,0.5895226934405979,0.8025053051658062,8524.0,9302.0,0.00020954118396275417,0.9163710630979254,-0.08733390561684118,100.81095890410958,94.0,34.114865607190346,0.3384043359774018,0.9833714157893417,0.9942447757699415,1.0434610367347623,1.3675634684372047,0.8525203723948666,0.8963845359445425,0.865290541614055,1.1075893342444054,1.0842838268373653,11.053220620711953,9.050758302151717,2025-11-21
6081,289,34.562866,60.144295,2023-11-01,2025-11-21,710.0,2208.0,5139.0,7.238028169014084,5.0,15.0,752.0,0.9441489361702128,1.808677674379651e-05,False,reliable,1,0.15742362327301032,0.26114029966919633,0.38081338781864177,0.5627553998832457,0.7604592333138743,0.9030939871570345,431.0,279.0,1.0595055172213404e-05,1.542857142857143,0.43363598507486145,6.745205479452054,5.0,6.64469219505335,0.9850985585680232,0.980753608698369,1.0149659438855214,1.0662844466662502,1.1632193963631818,0.8279815459129715,0.963647441104793,0.9864556645628946,0.9940041004216472,1.3913016309441981,8.544808358449211,6.068425588244111,2025-11-21
6093,149,36.464352,52.865082,2023-11-01,2025-11-21,752.0,24185.0,544325.0,723.8364361702128,519.5,1345.1,752.0,1.0,0.001915758854070254,False,reliable,1,0.057559362513204426,0.11818490791347082,0.20059706976530564,0.36963762458090293,0.599410278785652,0.8301455931658476,79975.0,101223.0,0.001965985005563264,0.790089306883743,-0.23560929322208324,844.5561643835616,566.0,742.5320433730768,0.8791979440645586,0.8082306217543012,0.955372086123263,1.2604481213469318,1.5661617240423327,0.8600029048951646,0.7980295422065924,0.754447251460354,1.2097196534251906,1.924998359293101,13.207303611056572,11.289481868647016,2025-11-21
6095,424,33.21423,50.318871,2023-11-01,2025-11-21,752.0,17913.0,190310.0,253.0718085106383,134.5,609.5999999999997,752.0,1.0,0.0006697984981731687,False,reliable,1,0.05268246545110609,0.11031474961904261,0.1924806894015028,0.3807629656875624,0.6556092690872787,0.9007829331091377,22111.0,47071.0,0.000543543538080767,0.4697484704282801,-0.7555578968337677,297.45753424657534,156.0,424.7281114533609,1.427861333313163,0.6744336973125242,0.793584512510663,1.380998677942181,2.147882546569593,0.7049048053669629,0.6893679557556985,0.6145027121314747,1.4195223533911225,3.3685480602733673,12.156414855081893,10.003875726567397,2025-11-21
6126,424,32.821888,51.775871,2025-01-11,2025-01-11,1.0,1.0,2.0,2.0,2.0,2.0,315.0,0.0031746031746031746,7.03902578081203e-09,True,one_off_anomaly,0,0.0,0.0,0.0,0.0,0.0,0.0,0.0,0.0,,,,0.006349206349206349,0.0,0.1126872339638022,17.748239349298846,0.0,0.0,0.0,0.0,0.0,7.0,0.0,0.0,0.0,1.0986122886681098,0.0,2025-11-21
6179,987,35.601929,51.06321,2024-05-03,2025-11-21,293.0,1038.0,2303.0,7.860068259385666,6.0,16.80000000000001,568.0,0.5158450704225352,8.105438186605052e-06,False,reliable,1,0.04168475900998697,0.07989578810247504,0.14546244029526703,0.2735562310030395,0.4945722970039079,0.7967867998263135,573.0,860.0,1.4085769405286033e-05,0.6666666666666666,-0.4054651081081637,6.293150684931507,5.0,6.581616270964201,1.0458380230308808,1.188716051036469,1.026757308864405,0.9686966277083822,1.3048374133485148,0.8244962666644763,0.8250728374803256,0.8647985666923412,1.062379501212762,1.3751213958005424,7.742402021815782,6.352629396319567,2025-11-21
6197,424,33.306801,53.697029,2024-08-12,2025-11-21,224.0,513.0,1280.0,5.714285714285714,4.0,13.0,467.0,0.4796573875802998,4.504976499719699e-06,False,reliable,1,0.04765625,0.1125,0.22578125,0.35234375,0.5296875,0.75859375,300.0,209.0,7.374748379730907e-06,1.4333333333333333,0.3600027340314069,3.4904109589041097,2.0,6.239104005119066,1.7874984002107215,0.7382864388358894,1.1459968602825745,1.1570160608622146,1.338832870426277,0.8162524806729659,0.870516845791571,0.9366320492694119,1.075054197503177,3.15149136577708,7.155396301896734,5.707110264748875,2025-11-21
6235,424,32.141544,52.622619,2023-11-15,2025-11-13,213.0,284.0,502.0,2.356807511737089,2.0,4.0,738.0,0.2886178861788618,1.7667954709838195e-06,False,sparse,0,0.01593625498007968,0.06573705179282868,0.1394422310756972,0.3466135458167331,0.5976095617529881,0.8466135458167331,41.0,44.0,1.007882278563224e-06,0.9333333333333333,-0.06899287148695121,0.43561643835616437,0.0,1.0479401384597171,2.4056487455207343,0.7504837929366232,0.706337687469763,1.1036526366715047,2.38388969521045,0.9528895217752463,0.5738993710691824,0.5297532656023223,1.6615753219526805,1.5892597968069666,6.220590170099739,3.7376696182833684,2025-11-21
6248,149,36.676575,52.456791,2023-11-01,2025-11-21,752.0,31611.0,1923314.0,2557.598404255319,1859.5,5533.699999999999,752.0,1.0,0.006769128415298354,False,reliable,1,0.05632465629637178,0.11661694346320986,0.20381591357417458,0.3927663397656337,0.652560632325247,0.8799020856708785,297422.0,351634.0,0.00731137470865442,0.8458287713111607,-0.16743833783849915,2862.7123287671234,2182.0,2393.5803569672917,0.8361232572740303,0.814444122568662,0.8818694201892433,1.1995213703025052,1.6140959261814087,0.8702922055350413,0.8259044750385943,0.7963668608473325,1.2386521433789568,2.1804630520547987,14.46956081770835,12.60291064693782,2025-11-21
6249,424,31.97666,51.849426,2023-11-01,2025-11-21,752.0,7948.0,38155.0,50.73803191489362,37.0,84.0,752.0,1.0,0.0001342870143334415,False,reliable,1,0.04355916655746298,0.10087799764120037,0.1732669374918097,0.308609618660726,0.4907613681037872,0.6929629144279911,3603.0,4395.0,8.85707280405682e-05,0.8198362147406734,-0.19865069679528347,51.78904109589041,37.0,59.65884596227543,1.1519588835756511,0.9981321646136755,0.9691685080512251,1.156689617846577,1.3245302943366741,0.76216313872511,0.8945313930633721,0.8993586691571139,1.0406687776946466,2.907505524153675,10.549438298265098,8.189799618728228,2025-11-21
6261,987,35.759624,51.962959,2023-11-01,2025-11-21,752.0,8129.0,49724.0,66.12234042553192,32.0,130.89999999999998,752.0,1.0,0.00017500425896254868,False,reliable,1,0.03143351299171426,0.06493846030086076,0.11511543721341806,0.24931622556511945,0.5080444051162416,0.8189204408334003,3274.0,16070.0,8.04830873174633e-05,0.20378321199676436,-1.5906985364797173,79.66849315068494,31.0,163.24576032115834,2.049062984188686,0.7692935954310142,0.8800892528840532,1.282477838884524,2.1316698278165314,0.7962239494623299,0.5419090435339274,0.6022552621902668,1.4575876225520297,1.8958368053075574,10.814263103722173,8.094073148069352,2025-11-21
6268,149,36.671634,51.289491,2023-11-01,2025-11-21,752.0,35930.0,2668831.0,3548.9773936170213,2632.5,7364.299999999999,752.0,1.0,0.009392985106815174,False,reliable,1,0.059632101095948,0.12014136526441727,0.20725103987476165,0.3945562682687664,0.6368140208203517,0.8540716890653623,492745.0,363356.0,0.01211290130123502,1.3560933186920852,0.3046080062447363,3834.2164383561644,2923.0,3268.448523761129,0.8524423637290554,0.8328198446279046,0.9290234342128283,1.2404048769009481,1.5203086214380337,0.8395604827028712,0.8262243740943467,0.8147437413557047,1.1766928942669517,2.1002285339643474,14.797151481482354,13.10774910727527,2025-11-21
6287,987,35.477882,50.946919,2023-11-01,2025-11-21,752.0,13414.0,68269.0,90.78324468085107,80.0,127.89999999999998,752.0,1.0,0.00024027362551512821,False,reliable,1,0.06181429345676662,0.12411196882919041,0.19994433784001522,0.33688789933937807,0.5422080299989747,0.7875609720370885,7650.0,15664.0,0.00018805608368313814,0.4884136610277689,-0.716592566154441,109.18082191780822,93.0,94.44967940063661,0.865075731631135,0.9331731855006051,1.0178950243503204,1.135026048955436,1.4073336640524416,0.8486873036021444,0.8391160920583017,0.8216785410268636,1.125350263063244,1.0487189781937718,11.131225710412325,8.942591637231851,2025-11-21
6379,289,34.515488,58.181862,2025-01-11,2025-01-11,1.0,1.0,2.0,2.0,2.0,2.0,315.0,0.0031746031746031746,7.03902578081203e-09,True,one_off_anomaly,0,0.0,0.0,0.0,0.0,0.0,0.0,0.0,0.0,,,,0.006349206349206349,0.0,0.1126872339638022,17.748239349298846,0.0,0.0,0.0,0.0,0.0,7.0,0.0,0.0,0.0,1.0986122886681098,0.0,2025-11-21
6397,490,26.458079,57.902054,2023-11-04,2025-11-20,474.0,1164.0,1624.0,3.4261603375527425,2.0,7.0,749.0,0.6328437917222964,5.715688934019368e-06,False,reliable,1,0.08497536945812807,0.15147783251231528,0.23214285714285715,0.4839901477832512,0.6767241379310345,0.8639162561576355,122.0,115.0,2.999064341090569e-06,1.0603448275862069,0.05859416426605257,1.5945205479452054,1.0,3.5872136486767054,2.2497130270910612,0.8804189796457838,0.9648427174200371,1.4713851440655565,1.55580888183981,0.6153147895999481,0.7236320380650277,0.7959952418715306,1.0810832924234988,4.341792228390167,7.393263094763838,4.812184355372417,2025-11-21
6418,987,36.050816,51.415546,2023-11-01,2025-11-21,752.0,13152.0,85223.0,113.32845744680851,58.5,231.4999999999999,752.0,1.0,0.0002999434470590718,False,reliable,1,0.045903101275477275,0.09307346608309963,0.17154993370334298,0.3409525597549957,0.6076880654283469,0.8697886720720932,5013.0,13543.0,0.00012323204542530347,0.3702008269344359,-0.9937096450947323,129.17260273972602,70.0,152.04431220437564,1.1770631618434952,0.7204135422988821,0.7728180818502784,1.189672373736385,2.331257627373051,0.739393895737389,0.6145623274663744,0.6368938073888444,1.5277454580712408,1.9005578179350133,11.353038363291034,8.519989278718239,2025-11-21
6430,289,36.642281,59.120838,2023-11-01,2025-11-21,726.0,3741.0,10189.0,14.034435261707989,9.0,29.0,752.0,0.9654255319148937,3.5860316840346886e-05,False,reliable,1,0.048091078614191776,0.08931200314064187,0.1510452448719207,0.3029737952694082,0.5467661203258416,0.8212778486603199,804.0,1427.0,1.9764325657678832e-05,0.5637254901960784,-0.5731878654809659,12.8,8.0,18.35534476164045,1.43401130950316,0.8308293269230769,1.005108173076923,1.1793870192307692,1.8569711538461537,0.7783018867924527,0.6745793269230769,0.6790865384615383,1.3125,3.2241586538461533,9.229162126216771,6.690842277418564,2025-11-21
6473,289,35.544697,59.19418,2025-01-11,2025-01-11,1.0,1.0,2.0,2.0,2.0,2.0,315.0,0.0031746031746031746,7.03902578081203e-09,True,one_off_anomaly,0,0.0,0.0,0.0,0.0,0.0,0.0,0.0,0.0,,,,0.006349206349206349,0.0,0.1126872339638022,17.748239349298846,0.0,0.0,0.0,0.0,0.0,7.0,0.0,0.0,0.0,1.0986122886681098,0.0,2025-11-21
6507,754,37.049774,50.236485,2023-11-01,2025-11-21,633.0,2960.0,8517.0,13.454976303317535,8.0,30.0,752.0,0.8417553191489362,2.997569128758803e-05,False,reliable,1,0.09346013854643653,0.1829282611248092,0.2903604555594693,0.4981801103675003,0.718562874251497,0.9126452976400141,1606.0,1767.0,3.947948632615946e-05,0.9089366515837104,-0.09547987746007625,13.372602739726027,9.0,16.635336250379172,1.2439864231486166,0.933308905804296,1.051230832269554,1.245370589255039,1.2324279387893402,0.8282210960482117,0.8844144484894332,0.8283296298047373,1.0283997229295325,2.421713709359684,9.049936850483158,7.382124365737512,2025-11-21
6520,490,27.091141,56.457397,2023-11-01,2025-11-21,752.0,39049.0,2007489.0,2669.533244680851,1738.5,5394.9,752.0,1.0,0.0070653834128482805,False,reliable,1,0.1830445895344881,0.325303899548142,0.4838352787985389,0.7027361046561151,0.8654582914277488,0.9564406081428093,116450.0,44947.0,0.002862631496065547,2.5907938061760256,0.9519643176243786,2816.9945205479453,1669.0,3117.9821401578806,1.1068470731534787,0.9998039709159497,1.087636259945376,1.169966230852797,1.158217484589806,0.7759373704175846,0.9215495383693687,0.8911980416318567,0.9652570460076371,2.224916263542391,14.512395743470597,11.665225862652171,2025-11-21
6553,424,32.986218,50.409138,2023-11-01,2025-11-20,638.0,2172.0,6420.0,10.06269592476489,6.0,23.0,752.0,0.848404255319149,2.2595272756406616e-05,False,reliable,1,0.058878504672897194,0.10404984423676013,0.16869158878504673,0.3207165109034268,0.5570093457943925,0.8171339563862928,590.0,1661.0,1.4503671813470785e-05,0.3555956678700361,-1.0339609580092954,10.263013698630138,5.0,15.693383386047136,1.5291203779784315,0.7064201815269621,0.9031685079469383,1.2704320505975604,2.2729116185469627,0.6655149140214971,0.5452739332210768,0.6427111996385888,1.46155899626268,2.717000698180623,8.76732914779405,6.3818160174060985,2025-11-21
6563,987,35.578758,51.114265,2023-11-01,2025-11-21,659.0,1732.0,3770.0,5.720789074355084,4.0,12.0,752.0,0.8763297872340425,1.3268563596830676e-05,False,reliable,1,0.05013262599469496,0.08222811671087533,0.13978779840848807,0.27347480106100797,0.4880636604774536,0.7737400530503978,752.0,746.0,1.8486035938525473e-05,1.0080321285140563,0.008000042667076102,6.2684931506849315,4.0,7.258509154141066,1.157935245306595,0.8007077057557827,1.0338639725658956,0.9878462883270576,1.923539201183432,0.7976398601398601,0.7516221759010221,0.7086723372781065,1.3552281052281052,1.6320938676707906,8.235095497258357,6.6240652277998935,2025-11-21
6593,424,32.193328,51.49924,2025-01-11,2025-11-12,33.0,34.0,136.0,4.121212121212121,2.0,18.0,315.0,0.10476190476190476,4.78653753095218e-07,False,sparse,0,0.0,0.0,0.0,0.27205882352941174,0.7426470588235294,0.8676470588235294,23.0,111.0,5.653973757793695e-07,0.21428571428571427,-1.5404450409471484,0.43174603174603177,0.0,2.3911211423640415,5.538258528269655,1.286764705882353,1.3897058823529411,0.5147058823529411,0.30882352941176466,1.0808823529411764,1.2352941176470587,1.1838235294117645,0.6948529411764706,0.2779411764705882,4.919980925828125,3.1780538303479458,2025-11-21
6603,424,32.354958,51.380119,2025-01-11,2025-01-11,1.0,1.0,2.0,2.0,2.0,2.0,315.0,0.0031746031746031746,7.03902578081203e-09,True,one_off_anomaly,0,0.0,0.0,0.0,0.0,0.0,0.0,0.0,0.0,,,,0.006349206349206349,0.0,0.1126872339638022,17.748239349298846,0.0,0.0,0.0,0.0,0.0,7.0,0.0,0.0,0.0,1.0986122886681098,0.0,2025-11-21
6613,754,37.256592,50.008205,2023-11-01,2025-11-21,699.0,3326.0,10540.0,15.078683834048642,8.0,34.0,752.0,0.9295212765957447,3.70956658648794e-05,False,reliable,1,0.08833017077798862,0.16328273244781782,0.2537001897533207,0.428842504743833,0.6780834914611006,0.8801707779886148,1639.0,2128.0,4.0290708647929856e-05,0.7703147017379052,-0.2609561440752355,17.95068493150685,11.0,22.282595110517313,1.2413228350639223,0.9202562928524467,0.867762045646661,1.1505881938574245,1.4666249882596036,0.9123528463151105,0.8774038461538461,0.8066973091011552,1.1868495261352403,2.843259838452146,9.26302769425519,7.402451520818244,2025-11-21
6662,987,35.329395,51.634686,2023-11-01,2025-11-21,752.0,15820.0,104708.0,139.23936170212767,99.0,238.79999999999995,752.0,1.0,0.000368521155728633,False,reliable,1,0.05203995874240746,0.11068877258662184,0.18753103869809373,0.34680253657791194,0.5760018336707797,0.8317034037513849,12598.0,28692.0,0.0003096902669594999,0.43909664378071306,-0.8230357448490206,178.25205479452055,124.0,213.7506558756013,1.1991483414987931,0.8533724045466691,0.9623365168844866,1.1466045405211125,1.7726627027947306,0.7939785157031639,0.7459186858452174,0.729088585325713,1.278660208358035,1.6728688375348484,11.558940353049676,9.44137272471063,2025-11-21
6692,289,36.105892,59.060467,2025-01-11,2025-01-11,1.0,1.0,2.0,2.0,2.0,2.0,315.0,0.0031746031746031746,7.03902578081203e-09,True,one_off_anomaly,0,0.0,0.0,0.0,0.0,0.0,0.0,0.0,0.0,,,,0.006349206349206349,0.0,0.1126872339638022,17.748239349298846,0.0,0.0,0.0,0.0,0.0,7.0,0.0,0.0,0.0,1.0986122886681098,0.0,2025-11-21
6720,424,31.414553,51.571869,2023-11-01,2025-11-21,752.0,10460.0,89374.0,118.84840425531915,57.0,279.69999999999993,752.0,1.0,0.00031455294506714716,False,reliable,1,0.03360037594826236,0.07502181842594043,0.14019737283773803,0.3000313290218632,0.5734889341419205,0.8628683957303018,10333.0,24754.0,0.00025401091669253155,0.4174510199959604,-0.8735880589483944,138.61917808219178,65.0,234.7658996812968,1.693603316145018,0.5997338646411696,0.7501182063647476,1.343886640476292,2.3620330278465307,0.7220814681449947,0.6857470490218138,0.5417443306555093,1.5342479548543269,3.794013816841708,11.400596279996309,9.24319470884713,2025-11-21
6728,149,36.37146,52.565693,2025-01-11,2025-11-18,133.0,211.0,409.0,3.075187969924812,2.0,6.0,315.0,0.4222222222222222,1.43948077217606e-06,False,sparse,0,0.0,0.03667481662591687,0.07334963325183375,0.2469437652811736,0.5330073349633252,0.8410757946210269,112.0,176.0,2.7532393950995387e-06,0.6384180790960452,-0.448761913861488,1.2984126984126985,0.0,2.2473970834709314,1.7308803943602526,1.0097799511002445,0.9926650366748166,1.232273838630807,1.3691931540342297,0.6503667481662592,0.9413202933985331,0.80440097799511,1.0097799511002445,2.341320293398533,6.016157159698354,4.727387818712341,2025-11-21
6733,754,37.277164,49.768139,2023-11-01,2025-11-21,752.0,11482.0,104344.0,138.75531914893617,84.5,277.69999999999993,752.0,1.0,0.0003672400530365252,False,reliable,1,0.06121099440312811,0.11774515065552403,0.20514835543969945,0.3792455723376524,0.633424058882159,0.8555163689335276,17643.0,16320.0,0.0004337089522119747,1.081061209484713,0.07794316007413471,161.7917808219178,102.0,182.92696686651976,1.1306320131791194,0.8412997491214039,0.918321822790614,1.2557688399926015,1.4661532078853514,0.8773214282291042,0.8303645164399728,0.8131296388442392,1.1689333572017218,2.483486430932836,11.555457995688931,9.77815106122483,2025-11-21
6738,490,27.943184,56.656979,2025-01-11,2025-01-11,1.0,1.0,2.0,2.0,2.0,2.0,315.0,0.0031746031746031746,7.03902578081203e-09,True,one_off_anomaly,0,0.0,0.0,0.0,0.0,0.0,0.0,0.0,0.0,,,,0.006349206349206349,0.0,0.1126872339638022,17.748239349298846,0.0,0.0,0.0,0.0,0.0,7.0,0.0,0.0,0.0,1.0986122886681098,0.0,2025-11-21
6752,149,36.446316,51.295593,2023-11-01,2025-11-21,752.0,14822.0,182565.0,242.77260638297872,162.5,534.0,752.0,1.0,0.0006425398708369741,False,reliable,1,0.043491359241913836,0.08614466080574042,0.14313258291567388,0.28029468956262155,0.5019965491742667,0.7564922082545943,27399.0,41822.0,0.0006735357695208238,0.6551419075628243,-0.4229034140450363,287.82465753424657,198.0,277.6558308037969,0.9646700639981141,0.7303458302092364,0.8345091409123925,1.217354407319759,1.8907745539375338,0.897624591233283,0.7602117698399682,0.6711484644087257,1.3894702870487214,1.943357315658755,12.11486703046293,10.218298292376161,2025-11-21
6753,424,32.860447,53.095615,2023-11-01,2025-11-21,752.0,7207.0,43690.0,58.098404255319146,41.0,100.0,752.0,1.0,0.0001537675181818388,False,reliable,1,0.0626688029297322,0.11821927214465552,0.1859464408331426,0.315403982604715,0.4788738841840238,0.6574044403753719,4047.0,5163.0,9.948535564256993e-05,0.7838884585592564,-0.24348854099923045,60.20821917808219,41.0,68.79964092638988,1.1426951646401668,0.9706699266332504,1.05052102293411,1.1396348464058694,1.3325550950687464,0.7818778289866819,0.8639888619753018,0.8649470751309122,1.0545941893320852,2.805648119627006,10.684897410216388,8.305978210967302,2025-11-21
6782,754,36.884071,49.491573,2023-11-01,2025-11-21,752.0,11505.0,111544.0,148.32978723404256,89.0,355.4999999999999,752.0,1.0,0.0003925805458474485,False,reliable,1,0.03935666642759808,0.08178835257835473,0.15654808864663272,0.328605751990246,0.5955049128594994,0.8545775658036291,14368.0,24827.0,0.00035320128239991225,0.578741743193169,-0.5468989403043363,178.8904109589041,107.0,211.426783214769,1.1818787942934479,0.6798317694251532,0.7649719910229903,1.2673207985061878,1.9805851549476636,0.9508298332531457,0.7470194442971838,0.6103865886774226,1.4608038973304307,2.683421984249,11.62218337590675,9.572828387229206,2025-11-21
6862,754,36.893909,49.525669,2023-11-01,2025-11-21,750.0,8896.0,72314.0,96.41866666666667,57.0,220.30000000000007,752.0,0.9973404255319149,0.00025451005515682057,False,reliable,1,0.03307796553917637,0.07954199740022679,0.15074536051110435,0.30764443952761567,0.566294216887463,0.8320795419974002,10700.0,16073.0,0.00026303269221040235,0.6657334826427772,-0.40686586474566155,119.47945205479452,72.0,137.46772943880893,1.1505554057593501,0.6824475684828815,0.792862434515725,1.2865102393593564,1.9800636762916055,0.887655592234774,0.748760869948671,0.6238600885470869,1.4286576910057762,2.629998412502425,11.188786855507832,9.278092474027002,2025-11-21
6886,149,36.566883,53.060017,2023-11-01,2025-11-21,752.0,36919.0,2642812.0,3514.377659574468,2568.0,7194.8,752.0,1.0,0.009301410900919701,False,reliable,1,0.05590333326774663,0.11807158435787335,0.20492225705044476,0.3797186481671795,0.6137447536941713,0.836023145043991,444027.0,436540.0,0.010915291329355918,1.0171507372732458,0.017005323657762972,3964.1698630136984,2805.0,3247.4633471137913,0.8192038836209097,0.8432602634579314,0.9410448258706838,1.2182199391323312,1.5473750884237767,0.8582395973777309,0.8109564781175277,0.7836299692089085,1.199525745324344,2.172430776928808,14.787354438151045,13.003642902489034,2025-11-21
6888,424,34.041313,54.414467,2025-01-11,2025-01-11,1.0,1.0,2.0,2.0,2.0,2.0,315.0,0.0031746031746031746,7.03902578081203e-09,True,one_off_anomaly,0,0.0,0.0,0.0,0.0,0.0,0.0,0.0,0.0,,,,0.006349206349206349,0.0,0.1126872339638022,17.748239349298846,0.0,0.0,0.0,0.0,0.0,7.0,0.0,0.0,0.0,1.0986122886681098,0.0,2025-11-21
6912,424,32.728268,52.679115,2025-01-11,2025-11-20,46.0,59.0,102.0,2.217391304347826,2.0,5.0,315.0,0.14603174603174604,3.589903148214135e-07,False,sparse,0,0.1568627450980392,0.2647058823529412,0.28431372549019607,0.47058823529411764,0.6274509803921569,0.8137254901960784,71.0,29.0,1.7453571165363147e-06,2.4,0.8754687373538999,0.3238095238095238,0.0,1.0078851993497295,3.112586645050635,0.4117647058823529,0.8235294117647058,1.1666666666666665,2.745098039215686,0.7549019607843137,0.7549019607843137,0.34313725490196073,1.7499999999999998,0.6176470588235294,4.634728988229636,4.276666119016055,2025-11-21
6930,149,36.641006,52.899826,2023-11-01,2025-11-21,752.0,7437.0,27315.0,36.32313829787234,23.0,80.0,752.0,1.0,9.613549460144029e-05,False,reliable,1,0.06476295075965587,0.1341753615229727,0.23064250411861614,0.409298920007322,0.652462017206663,0.8583562145341388,5027.0,5110.0,0.0001235762003496909,0.9837605165329681,-0.01637278905814199,43.25205479452055,27.0,44.76626756192167,1.0350090365554832,0.8501152360023583,0.9497103264126766,1.240492420735659,1.464136753219543,0.8685376432244826,0.8341088821864144,0.7954268604645497,1.163501011983941,2.1999844078136346,10.21522789008098,8.522777569710138,2025-11-21
6986,424,33.904133,51.768002,2023-11-01,2025-11-21,691.0,4005.0,25690.0,37.178002894356005,13.0,108.0,752.0,0.9188829787234043,9.041628615453051e-05,False,reliable,1,0.03285325029194239,0.07454262358894512,0.15570260801868432,0.3488516932658622,0.6221876216426625,0.8799532892175944,2249.0,523.0,5.52860303533827e-05,4.293893129770993,1.457193810877424,29.389041095890413,11.0,52.23427667530453,1.777338583619479,0.5005790564427648,0.6654756868003814,1.2622444442850893,3.2482018773619408,0.4288596400196295,0.4371069407892378,0.4685158227621172,1.8251053194653455,2.958978422528343,10.15389601499835,7.718685495198466,2025-11-21
7008,149,36.651875,53.293648,2023-11-01,2025-11-21,752.0,12185.0,65590.0,87.22074468085107,58.0,185.69999999999993,752.0,1.0,0.00023084485048173052,False,reliable,1,0.04839152309803324,0.11289830766885196,0.19780454337551456,0.36662601006250956,0.5944503735325507,0.8216039030339991,11302.0,9899.0,0.0002778313539590624,1.1417171717171717,0.13253342006805013,95.98356164383561,67.0,97.58667465231834,1.016701953761951,0.8234583108277234,0.9274424624869907,1.234586401781127,1.5361204061109865,0.8470396951317373,0.8442952121236074,0.7899990558622174,1.1882987139024133,2.573357310041674,11.091193770398117,9.33282345619073,2025-11-21
7029,289,36.135738,59.11237,2025-01-11,2025-01-11,1.0,1.0,2.0,2.0,2.0,2.0,315.0,0.0031746031746031746,7.03902578081203e-09,True,one_off_anomaly,0,0.0,0.0,0.0,0.0,0.0,0.0,0.0,0.0,,,,0.006349206349206349,0.0,0.1126872339638022,17.748239349298846,0.0,0.0,0.0,0.0,0.0,7.0,0.0,0.0,0.0,1.0986122886681098,0.0,2025-11-21
7039,424,32.631535,51.35059,2023-11-01,2025-11-21,752.0,8761.0,206155.0,274.14228723404256,37.0,89.79999999999995,752.0,1.0,0.000725565179921652,False,reliable,1,0.4734156338677209,0.7519778807208168,0.8718003444010575,0.9009580170260241,0.9392301908757973,0.9741893235672189,4183.0,4219.0,0.00010282857490804795,0.9914691943127962,-0.008567401285299425,52.463013698630135,39.0,55.60063519196351,1.0598063525545294,0.9160299593873149,1.021232279653085,1.1946145008576468,1.3797265974925383,0.8045200645976882,0.8474834998413253,0.8401523276973693,1.0893842523170425,2.730861623623648,12.23638844273212,8.339023005744759,2025-11-21
7040,424,34.080826,51.437946,2023-11-01,2025-11-21,486.0,1143.0,3092.0,6.362139917695473,4.0,13.0,752.0,0.6462765957446809,1.0882333857135399e-05,False,reliable,1,0.06338939197930142,0.10834411384217335,0.18855109961190167,0.3754851228978008,0.630659767141009,0.8573738680465718,210.0,212.0,5.162323865811635e-06,0.9906103286384976,-0.009434032233358813,3.073972602739726,2.0,4.984867964712903,1.6216370829948392,0.8883518442341972,0.8132798573975044,1.0134718222953516,1.9956636500754148,0.7120034977970605,0.7507198683669272,0.8320478541066776,1.347720906544436,3.0529274646921705,8.03689677268507,5.351858133476067,2025-11-21
7049,754,37.263592,49.944908,2023-11-01,2025-11-21,752.0,13021.0,141809.0,188.57579787234042,109.0,398.4999999999999,752.0,1.0,0.0004990986034755866,False,reliable,1,0.07340859889005634,0.12936414472988314,0.21061427694998203,0.38929122975269553,0.6322236247346783,0.8576536044961885,23676.0,23323.0,0.0005820151421283632,1.0151346252786828,0.015021239440953238,225.64383561643837,131.0,280.2560431489593,1.2420283602400455,0.8952161243322001,0.977203739679456,1.2304960398998765,1.3712897410991145,0.8348438058409009,0.8493644226099302,0.8447622071954272,1.1005122690163973,2.6445693391115928,11.862243412455392,10.072259391783,2025-11-21
7058,754,37.07468,50.399403,2023-11-01,2025-11-21,752.0,13460.0,115275.0,153.2912234042553,85.5,354.29999999999984,752.0,1.0,0.00040571184844155335,False,reliable,1,0.0709520711342442,0.1424940360008675,0.24174365647364995,0.4435914118412492,0.6857254391672089,0.880997614400347,22655.0,10702.0,0.000556916415142679,2.116789685135009,0.7499006415090701,133.95342465753424,72.0,154.6108390800649,1.1542134101859916,0.8618093041476758,1.0244662992500106,1.232345671631459,1.3691613082885863,0.8335761302405059,0.8397005863667758,0.8421411591088233,1.0988183136547935,2.343236958570442,11.655084531945109,10.028179996493446,2025-11-21
7127,149,36.698936,52.649338,2023-11-01,2025-11-21,752.0,38476.0,4406734.0,5860.018617021276,3972.5,13227.699999999995,752.0,1.0,0.015509557117590458,False,reliable,1,0.056195586118880786,0.11568113709608975,0.2023092385426486,0.3885439874519315,0.6402809881422387,0.8633362031835822,776034.0,683050.0,0.019076851613720316,1.1361303914349001,0.12762809490479654,6175.243835616438,4286.0,5833.712513047446,0.944693467713911,0.8585148380637573,0.9675886997990413,1.2292881136726912,1.4387223848910016,0.8366730958151278,0.8516356329082042,0.8207181368537317,1.134830838976513,2.2842760405838165,15.298644610407342,13.561952901241025,2025-11-21
7154,424,32.465576,51.555962,2025-01-11,2025-01-11,1.0,1.0,2.0,2.0,2.0,2.0,315.0,0.0031746031746031746,7.03902578081203e-09,True,one_off_anomaly,0,0.0,0.0,0.0,0.0,0.0,0.0,0.0,0.0,,,,0.006349206349206349,0.0,0.1126872339638022,17.748239349298846,0.0,0.0,0.0,0.0,0.0,7.0,0.0,0.0,0.0,1.0986122886681098,0.0,2025-11-21
7201,754,37.253253,50.252217,2023-11-01,2025-11-21,752.0,25669.0,660917.0,878.8789893617021,557.0,1936.9999999999993,752.0,1.0,0.002326105900988472,False,reliable,1,0.08494107429525946,0.16245307655878122,0.26454456459737,0.4719881619023266,0.7179585333710587,0.9063013963931931,113170.0,92642.0,0.0027820009137804894,1.2215817708839307,0.20014655248279567,896.8958904109589,584.0,967.0153868280413,1.078180195903176,0.8589883008272766,0.9703338713478709,1.2199555027749378,1.3969548643477292,0.8588952529245493,0.863212271054998,0.834373489551012,1.1253628700103147,2.5130693122350802,13.401385056675498,11.636655228184976,2025-11-21
7221,149,36.682804,52.516685,2023-11-01,2025-11-21,752.0,27006.0,1200748.0,1596.7393617021276,1003.0,3678.0,752.0,1.0,0.0042260480641292415,False,reliable,1,0.05679459803389221,0.11743846335784028,0.20502137001269208,0.39699004287327566,0.6460006595888563,0.8666198069869782,201586.0,187249.0,0.004955486756254782,1.0765660881174899,0.07377642759371028,1714.3917808219178,1099.0,1765.2415774775243,1.0296605462207873,0.8634257446628303,0.9591650133764994,1.222512501553513,1.4406320188513801,0.8438330103664691,0.8485516649540633,0.8248832575743513,1.1393906145685202,2.504611059979552,13.9984560867139,12.213976328973176,2025-11-21
7222,987,35.654701,50.979176,2023-11-01,2025-11-21,752.0,16663.0,262096.0,348.531914893617,265.5,688.5999999999999,752.0,1.0,0.0009224502505238548,False,reliable,1,0.036715554605945916,0.0787459556803614,0.1407957389658751,0.2879326658934131,0.5180697149136194,0.7966699224711556,30438.0,46121.0,0.0007482419706074979,0.6599670439269762,-0.41556537865235654,399.87397260273974,282.0,325.32692011664466,0.8135736317098216,0.7370110551164171,0.855029008085793,1.0414338922379127,2.094650342942613,0.9438822932322175,0.6960846989725952,0.6329878960810624,1.5137864702316515,2.0471834645478397,12.476469943233019,10.32347995992483,2025-11-21
7228,149,36.179642,52.974686,2023-11-01,2025-11-21,752.0,12604.0,149394.0,198.6622340425532,118.0,462.39999999999986,752.0,1.0,0.0005257941087493162,False,reliable,1,0.04973425974269382,0.10171091208482268,0.17907680361995795,0.348179980454369,0.619034231629115,0.8827195201949208,21422.0,37176.0,0.000526606199301985,0.576243376281034,-0.5512251792604914,236.7780821917808,152.0,278.09058047129423,1.1744777130429325,0.6964489475857847,0.8329773068734468,1.3046133463639018,1.9550926024822164,0.9072263731772621,0.6754945652560899,0.629930966469428,1.426169648642573,2.472779551976303,11.914349083918673,9.97222039021722,2025-11-21
7252,149,36.698289,52.589626,2023-11-01,2025-11-21,752.0,21618.0,168249.0,223.73537234042553,161.5,451.1999999999998,752.0,1.0,0.0005921545242979216,False,reliable,1,0.08488609144779463,0.1674006977753211,0.28137462926971335,0.5010847018407242,0.7490980629899732,0.9230842382421293,24708.0,26088.0,0.0006073842765546376,0.9471041435087585,-0.05434621981639509,240.39178082191782,181.0,220.46137295505207,0.9170919746144308,0.8987732091711896,1.010609875519327,1.2458828624505658,1.382598787192316,0.7656526489561387,0.8514146208463704,0.8495746756918587,1.0711878793207217,2.412248095180067,12.033206247506975,10.114922828718177,2025-11-21
7256,490,27.25174,52.867359,2025-01-11,2025-01-11,1.0,1.0,2.0,2.0,2.0,2.0,315.0,0.0031746031746031746,7.03902578081203e-09,True,one_off_anomaly,0,0.0,0.0,0.0,0.0,0.0,0.0,0.0,0.0,,,,0.006349206349206349,0.0,0.1126872339638022,17.748239349298846,0.0,0.0,0.0,0.0,0.0,7.0,0.0,0.0,0.0,1.0986122886681098,0.0,2025-11-21
7274,149,36.289951,52.880951,2023-11-01,2025-11-21,752.0,35286.0,2971817.0,3951.884308510638,2554.0,9186.3,752.0,1.0,0.010459348239427731,False,reliable,1,0.049984235233865346,0.1103399031636201,0.2000560599794671,0.3942836991645179,0.6667129907393355,0.9051674446979744,498256.0,599857.0,0.012248375428970676,0.8306249145631133,-0.1855769523731876,5011.816438356164,3281.0,5135.352142579947,1.0246488884306189,0.6996004889435374,0.8053505710781967,1.290849351641846,1.9027340612821062,0.8790809693491594,0.7558790250345768,0.668830898644632,1.386032976782619,2.6221415866544944,14.904684444721232,13.118871287148455,2025-11-21
7278,149,36.725136,53.81105,2023-11-01,2025-11-21,752.0,9779.0,62787.0,83.49335106382979,52.0,177.0,752.0,1.0,0.00022097965584992244,False,reliable,1,0.05002627932533805,0.1076655995667893,0.1848153280137608,0.3502476627327313,0.5831939732747224,0.8145635242964308,9425.0,11019.0,0.00023169001159654602,0.8553539019963702,-0.15623997522322952,99.06301369863014,59.0,116.39417150881023,1.1749508435399008,0.7957250656307573,0.9341373544316184,1.2418280665625652,1.6300813310811098,0.8464214187835986,0.7817479481080897,0.7730122496564225,1.2345196610642708,3.003139001050943,11.047519251395098,9.151227107483676,2025-11-21
7280,424,33.778317,51.230152,2023-11-02,2025-11-20,652.0,2762.0,10925.0,16.756134969325153,8.5,36.0,751.0,0.8681757656458056,3.8450678327685715e-05,False,reliable,1,0.05986270022883295,0.09729977116704805,0.17034324942791762,0.3185354691075515,0.6050343249427917,0.8620594965675057,1475.0,2684.0,3.625917953367696e-05,0.5497206703910614,-0.5983450017825476,19.08219178082192,10.0,31.352547535106932,1.6430265398871542,0.5542824010160693,0.6994036114639129,1.230506930255674,2.654508807775139,0.7435560552086579,0.5895549174443646,0.5331188911590922,1.689932656479677,3.0052183996907615,9.298900548955663,7.297091005160418,2025-11-21
7285,424,32.378839,51.19253,2023-11-01,2025-11-21,708.0,4072.0,18037.0,25.475988700564972,13.5,58.0,752.0,0.9414893617021277,6.348145400425328e-05,False,reliable,1,0.019459998891168156,0.053390253368076734,0.12097355436048124,0.2708876198924433,0.5551921051172589,0.8403282142263125,2030.0,3605.0,4.990246403617914e-05,0.5632279534109818,-0.5740708421828771,22.887671232876713,11.0,36.552776631222606,1.597050930140801,0.6377299681405499,0.7335154969521741,1.23008784368612,2.3694315021822803,0.7246218058460302,0.6973858676635789,0.6125232500322277,1.5391942268887444,3.5222187436695456,9.800235922725653,7.616283561580385,2025-11-21
7339,754,37.284145,49.590408,2023-11-01,2025-11-21,752.0,44649.0,16567124.0,22030.75,15036.0,43908.399999999994,752.0,1.0,0.058308206474954855,False,reliable,1,0.0718634688796921,0.1445460901964638,0.24495343911230458,0.44443634272309424,0.6877369300791133,0.8830056441902651,3180245.0,1944171.0,0.07817835553632439,1.6357842824606053,0.4921223728000257,25259.01917808219,17475.0,22659.865902563466,0.8970999919991324,0.7995255329135906,0.9328571915711548,1.290363916876031,1.5260938813029308,0.8609246880978162,0.8185590997904234,0.7743502146769413,1.1903418123517777,2.323136675753107,16.622930868012027,14.972469110254911,2025-11-21
7366,754,38.154221,48.890347,2023-11-01,2025-11-21,691.0,3797.0,14636.0,21.180897250361795,9.0,48.0,752.0,0.9188829787234043,5.1511590663982435e-05,False,reliable,1,0.060399016124624214,0.1270155780267833,0.2116698551516808,0.3910904618748292,0.6225744738999727,0.8341076796939054,2575.0,2899.0,6.329992359269029e-05,0.8882758620689655,-0.11847292875032167,25.660273972602738,13.0,40.814908999384386,1.590587420966827,0.7411935971353013,0.9420428226482039,1.3684727081588068,1.555082622907735,0.7992679261399119,0.8693473940110712,0.7284531611885873,1.1735761569201673,4.013986760623532,9.591307848483947,7.853993087224244,2025-11-21
7399,490,26.681817,55.890957,2023-11-01,2025-11-21,752.0,28573.0,378306.0,503.0664893617021,355.5,978.3999999999999,752.0,1.0,0.001331452843517938,False,reliable,1,0.16500134811501802,0.3034897675426771,0.45873975036081904,0.6772454045138063,0.8443746596670421,0.9486156709119072,28522.0,14176.0,0.0007011419109556165,2.011920716653735,0.6990898462194028,550.7424657534247,430.0,545.1486030688968,0.9898430518211895,0.9854179988083909,1.037690092079932,1.1303971112088174,1.2110574555356446,0.8162565949882454,0.9205754622651365,0.9021388121332904,1.0117770211641002,2.2571627610280287,12.843461314282864,10.258466058337035,2025-11-21
7401,987,35.605221,51.026104,2023-11-08,2025-11-21,557.0,1175.0,2369.0,4.253141831238779,3.0,8.0,745.0,0.7476510067114094,8.337726037371848e-06,False,reliable,1,0.044744617982271,0.09286618826509076,0.17560151962853524,0.326720135078092,0.5605740818910933,0.8151118615449556,343.0,436.0,8.431795647492337e-06,0.7871853546910755,-0.2392915377221918,3.4767123287671233,2.0,3.753771749632172,1.07969006195094,0.7467266775777415,0.9624477177668668,1.0896678183912225,1.9304267442565315,0.8466033275346804,0.6748196641813663,0.7522579863005395,1.3833539720064543,1.6704552342850214,7.7706452341291765,5.840641657373398,2025-11-21
7412,149,36.85349,50.474754,2023-11-01,2025-11-21,752.0,31912.0,776040.0,1031.968085106383,722.5,2417.1,752.0,1.0,0.0027312827834706835,False,reliable,1,0.08359620638111438,0.1632132364311118,0.2671898355754858,0.4687103757538271,0.6972591618988712,0.88843874027112,169309.0,147654.0,0.004162037578079534,1.1466594426196202,0.13685288265632423,1184.0739726027398,977.0,1016.7562581410873,0.8586931911915371,0.8870775043780015,0.9671303251744126,1.1948155543780816,1.3359514871678586,0.8179785994977453,0.9240586918305128,0.8764882491215074,1.074498505772468,1.8943398076794036,13.56196063282118,12.039486633122278,2025-11-21
7416,424,32.420319,52.650612,2023-11-01,2025-11-21,722.0,4641.0,23726.0,32.86149584487535,14.0,91.0,752.0,0.9601063829787234,8.350396283777311e-05,False,reliable,1,0.04176852398212931,0.08223046446935851,0.14132175672258282,0.29385484278850205,0.5488072157127202,0.84173480569839,3367.0,1066.0,8.276925931517988e-05,3.1565135895032803,1.1494681240604638,29.65205479452055,13.0,51.60774525946876,1.740444148545329,0.5577509435035075,0.7380471787290599,1.0247052217855137,3.185017306448518,0.43141876402280954,0.5318090391545072,0.5421858008941073,1.7951056612241125,2.8951165253484388,10.074368919187528,8.122074375362217,2025-11-21
7432,424,34.035901,51.05459,2024-07-14,2025-11-21,211.0,447.0,836.0,3.962085308056872,2.0,8.0,496.0,0.4254032258064516,2.9423127763794284e-06,False,sparse,0,0.08492822966507177,0.13277511961722488,0.22009569377990432,0.36483253588516745,0.5789473684210527,0.8444976076555024,177.0,182.0,4.3511015440412355e-06,0.9726775956284153,-0.02770260254933632,2.1780821917808217,1.0,4.429987924950134,2.0338938271783635,0.8829221093372037,0.8476052249637156,1.218432510885341,1.9689163038219644,0.675685297258811,0.7858006773101113,0.6268746976294147,1.3161425576519918,3.7259313014029996,6.729824070489475,5.181783550292085,2025-11-21
7458,754,37.406818,49.118267,2023-11-02,2025-11-21,379.0,748.0,1909.0,5.036939313984169,3.0,11.0,751.0,0.5046604527296937,6.718750107785082e-06,False,reliable,1,0.042954426401257205,0.09586170770036669,0.214248297537978,0.4112100576217915,0.6678889470927187,0.8601361969617601,422.0,274.0,1.0373812720821476e-05,1.538181818181818,0.4306010813797059,2.956164383561644,1.0,4.554703712314308,1.5407477803472867,0.8001532758251942,0.8912276324231838,1.13842945747487,1.5092321950523988,0.8871771556472625,0.8587010764953303,0.9172488771654665,1.1952425084955205,2.042667712269195,7.554858521040676,6.0473721790462776,2025-11-21
7515,987,35.558689,51.169491,2025-01-11,2025-01-11,1.0,1.0,2.0,2.0,2.0,2.0,315.0,0.0031746031746031746,7.03902578081203e-09,True,one_off_anomaly,0,0.0,0.0,0.0,0.0,0.0,0.0,0.0,0.0,,,,0.006349206349206349,0.0,0.1126872339638022,17.748239349298846,0.0,0.0,0.0,0.0,0.0,7.0,0.0,0.0,0.0,1.0986122886681098,0.0,2025-11-21
7562,754,37.163815,49.403091,2023-11-01,2025-11-21,752.0,23912.0,510594.0,678.9813829787234,419.0,1487.6999999999998,752.0,1.0,0.0017970421647639687,False,reliable,1,0.06907640904515133,0.1423205129711669,0.24277801932650991,0.44245329949039747,0.6954135771278158,0.8984868604018065,89464.0,77807.0,0.002199248296814153,1.149817499485914,0.13960323368239358,793.3917808219178,510.0,846.0244862005713,1.0663388588726348,0.8000218612968452,0.9207304860698647,1.2345001944406961,1.5126875210511272,0.8962713716116143,0.8579523057160253,0.7798310411289886,1.2015441313340398,2.6330477729102673,13.143331991340478,11.401602766325961,2025-11-21
7599,289,36.29966,59.284773,2023-11-20,2025-11-21,194.0,356.0,577.0,2.9742268041237114,3.0,6.0,733.0,0.2646657571623465,2.0307589377642708e-06,False,sparse,0,0.019064124783362217,0.08145580589254767,0.21143847487001732,0.3830155979202773,0.6291161178509532,0.8388214904679376,185.0,119.0,4.547761500834059e-06,1.55,0.43825493093115586,1.5780821917808219,1.0,2.2095103241095813,1.400123729687495,0.8895900106837606,0.9017761752136753,1.1333133012820513,1.5232705662393162,0.7532429245283019,0.828659188034188,0.9748931623931625,1.1345899470899472,2.924679487179487,6.359573868672378,5.225746673713202,2025-11-21
7613,754,37.041752,50.413738,2023-11-01,2025-11-21,723.0,4789.0,15252.0,21.095435684647303,12.0,45.80000000000007,752.0,0.961436170212766,5.367961060447254e-05,False,reliable,1,0.07520325203252033,0.14332546551271963,0.25360608444794125,0.4555468135326515,0.6942696039863624,0.8974560713349069,2124.0,2287.0,5.221321852849482e-05,0.9287587412587412,-0.07390627114117176,21.334246575342465,12.0,27.75071635140174,1.3007591457893457,0.866248975116318,0.9825300550226709,1.2493455562031393,1.3890631328348035,0.8764365379163628,0.8229815965465124,0.8157703667848781,1.130308756352162,2.895308749296164,9.632531483999934,7.661527081358517,2025-11-21
7619,424,32.577637,51.659054,2023-11-01,2025-11-21,752.0,44173.0,10663577.0,14180.288563829787,9158.5,22655.799999999996,752.0,1.0,0.0375305967093371,False,reliable,1,0.08778452108518559,0.1678635602293677,0.26804298407560617,0.4575521891012744,0.6886901083942095,0.8858114870835555,1159578.0,939235.0,0.028505319922238686,1.2345981201742693,0.21074550835724537,13800.16712328767,9197.0,16924.428894288198,1.2263930388008388,0.8494741049622756,0.9611826183501115,1.2597227598822778,1.4749640216785145,0.811033382887662,0.836988191511494,0.8102688941336716,1.1398371278126558,3.1777402231487466,16.182344567664575,13.963567566172657,2025-11-21
7634,424,33.446743,51.170345,2023-11-03,2025-11-20,385.0,964.0,2150.0,5.584415584415584,3.0,13.0,750.0,0.5133333333333333,7.566952714372932e-06,False,reliable,1,0.05116279069767442,0.13069767441860466,0.2241860465116279,0.36465116279069765,0.5958139534883721,0.8172093023255814,134.0,539.0,3.294054276279805e-06,0.25,-1.3862943611198908,4.813698630136987,2.0,8.025942056726908,1.6673129486086062,0.9787771988967208,0.9428221181209228,1.1705376297009764,1.3023729258789019,0.7800066580041021,0.9907622258219867,0.8389518847686177,1.0387023335230505,2.924346569764896,7.67368812926773,4.90527477843843,2025-11-21
7651,754,37.550556,49.139702,2023-11-01,2025-11-21,752.0,17915.0,352466.0,468.70478723404256,249.5,1203.1999999999998,752.0,1.0,0.0012405086304298463,False,reliable,1,0.05827796156224998,0.12076625830576566,0.21123172164123633,0.4069328672836529,0.6539155549755153,0.8625456072358753,85572.0,53971.0,0.002103573227834444,1.5855073000815239,0.4609044192628797,545.4602739726027,313.0,669.1829376555975,1.2268225012647007,0.8786157725284164,0.9924927816880322,1.2086828188913648,1.3201624173318305,0.8640789755124395,0.8825291929670285,0.8560519069364182,1.0899488705087093,2.5794729096452413,12.772712279830836,11.357125091813558,2025-11-21
7766,929,35.721559,50.986858,2023-11-01,2025-11-21,752.0,15615.0,96915.0,128.87632978723406,111.5,213.89999999999998,752.0,1.0,0.00034109359177369894,False,reliable,1,0.06791518340814115,0.1349636279213744,0.2210906464427591,0.3818500748078213,0.5879069287519991,0.8115462002785947,13483.0,14480.0,0.00033144577467970605,0.9311511635936744,-0.07133364797465092,160.25479452054793,140.0,85.0459039608661,0.5306917912522204,0.8966490401875833,0.9670897503843326,1.0214502984578036,1.5204153291189348,0.8882082003684364,0.8610086808546453,0.8473285429288713,1.2013012546067783,1.7440975843263298,11.48159990292732,9.50925907635395,2025-11-21
7810,149,36.647083,51.499844,2023-11-01,2025-11-21,752.0,42669.0,7393172.0,9831.345744680852,6656.0,19784.8,752.0,1.0,0.026020364154988818,False,reliable,1,0.06820401310831128,0.13481479938516241,0.2270319153943666,0.42074010992845834,0.6796302047348554,0.8943929615055621,1222131.0,1081930.0,0.030043028706896378,1.129584049260073,0.12184946695961507,10368.967123287672,7076.0,9822.247767858527,0.9472734989967065,0.8174150712624314,0.9159876814070452,1.257580194561672,1.5407902885787368,0.8534701352953057,0.8196814493616753,0.797893061546685,1.1938572588261478,2.313934946396852,15.816067564779448,14.016107432519911,2025-11-21
7888,424,32.776722,51.649837,2025-01-11,2025-01-11,1.0,1.0,2.0,2.0,2.0,2.0,315.0,0.0031746031746031746,7.03902578081203e-09,True,one_off_anomaly,0,0.0,0.0,0.0,0.0,0.0,0.0,0.0,0.0,,,,0.006349206349206349,0.0,0.1126872339638022,17.748239349298846,0.0,0.0,0.0,0.0,0.0,7.0,0.0,0.0,0.0,1.0986122886681098,0.0,2025-11-21
7896,987,35.632957,51.201299,2023-11-01,2025-11-21,752.0,8328.0,36058.0,47.94946808510638,34.0,99.89999999999998,752.0,1.0,0.00012690659580226008,False,reliable,1,0.04531587997115758,0.09420932941372234,0.16914415663653004,0.3403682955238782,0.5754894891563592,0.8459149148593932,4907.0,7160.0,0.00012062630099779854,0.6853791369920402,-0.3777831091761392,58.326027397260276,41.0,53.77895853540764,0.9220404840727037,0.7514127917270386,0.8509857022586601,1.0863998019923615,2.175437296978938,0.9086852365071163,0.6109556397850823,0.6178795838948969,1.5360291140741138,1.834515477476631,10.492911764814268,8.498621805830801,2025-11-21
7963,289,35.704033,59.848278,2024-10-21,2025-11-21,288.0,1189.0,2377.0,8.253472222222221,7.0,16.0,397.0,0.72544080604534,8.365882140495097e-06,False,reliable,1,0.07782919646613379,0.1729070256625999,0.2684055532183425,0.44341607067732436,0.6537652503155238,0.8716870004206984,523.0,888.0,1.2856644675330882e-05,0.5894263217097863,-0.5286055511928627,6.50958904109589,5.0,6.989241425918098,1.0736839732576202,0.8862665112665112,0.9955727143227143,1.1905513468013469,1.5746001683501685,0.7362143447049108,0.7799145299145299,0.8419531857031858,1.1514149430816099,2.540630665630666,7.774015077250727,6.261491684321042,2025-11-21
7992,424,32.804729,51.693562,2023-11-02,2025-11-20,598.0,1174.0,2356.0,3.939799331103679,3.0,7.0,751.0,0.796271637816245,8.291972369796571e-06,False,reliable,1,0.04074702886247878,0.1273344651952462,0.2300509337860781,0.4342105263157895,0.6387945670628183,0.8425297113752123,233.0,147.0,5.727721241591004e-06,1.5810810810810811,0.458108841593587,2.989041095890411,2.0,2.935177028369315,0.9819794824516956,0.9521962913346965,1.1259077769160262,1.0615701896636818,0.9972326024113375,0.8711066530619304,1.048702672213213,0.9457625326094621,0.9335690279778271,1.8657900303179862,7.7651449029361315,5.455321115357702,2025-11-21
8008,754,37.2836,49.379486,2025-01-11,2025-01-11,1.0,1.0,2.0,2.0,2.0,2.0,315.0,0.0031746031746031746,7.03902578081203e-09,True,one_off_anomaly,0,0.0,0.0,0.0,0.0,0.0,0.0,0.0,0.0,,,,0.006349206349206349,0.0,0.1126872339638022,17.748239349298846,0.0,0.0,0.0,0.0,0.0,7.0,0.0,0.0,0.0,1.0986122886681098,0.0,2025-11-21
8043,149,36.74823,51.03511,2023-11-01,2025-11-21,752.0,20735.0,401355.0,533.7167553191489,383.5,1099.5999999999992,752.0,1.0,0.001412574096128906,False,reliable,1,0.054517820881763025,0.11466656700427302,0.2010165564151437,0.3915286965404692,0.6411829926125251,0.8677504951975185,65797.0,63305.0,0.0016174543971371816,1.039364357248918,0.03860933134454214,576.2027397260274,413.0,535.4690995621315,0.9293067572305125,0.8667822508615323,0.9584633891741359,1.2224596775078436,1.4361932085431235,0.8492817836977271,0.827866995210824,0.8418511222413958,1.1399426798116377,2.110969056524274,12.902604092993265,11.09434472171469,2025-11-21
8122,754,37.25235,49.825085,2023-11-01,2025-11-21,672.0,3103.0,9946.0,14.800595238095237,7.0,32.89999999999998,752.0,0.8936170212765957,3.5005075207978227e-05,False,reliable,1,0.05710838528051478,0.11341242710637442,0.2066157249145385,0.38940277498491854,0.6480997385883772,0.8687914739593806,1206.0,2116.0,2.9646488486518248e-05,0.5701464336324988,-0.5618620500373339,17.446575342465753,8.0,29.809109171746925,1.7085937260816,0.9314148869346734,1.0570732267104757,1.2334358088519521,1.305083107846927,0.854360244619323,0.7649727000386549,0.8564607895245459,1.0775753768844223,3.3156165442597603,9.205026277152413,7.095893221097532,2025-11-21
8139,149,36.584385,51.686092,2023-11-01,2025-11-21,752.0,8580.0,34060.0,45.29255319148936,29.0,97.79999999999995,752.0,1.0,0.00011987460904722887,False,reliable,1,0.06978860833822666,0.14286553141514974,0.23857897827363475,0.4231650029359953,0.6842630651790957,0.8959189665296535,5753.0,6873.0,0.0001414230914286397,0.8370672097759674,-0.1778509132982844,55.62191780821918,36.0,63.38795220957133,1.1396218380698224,0.8249376719231906,0.9729147564089934,1.2360235444783765,1.4548775035426595,0.8460082936340503,0.837384342580875,0.8308152664004304,1.147543521398314,2.18093329190758,10.43590831373871,8.657650544111494,2025-11-21
8143,424,32.573837,51.455849,2025-01-11,2025-01-11,1.0,1.0,2.0,2.0,2.0,2.0,315.0,0.0031746031746031746,7.03902578081203e-09,True,one_off_anomaly,0,0.0,0.0,0.0,0.0,0.0,0.0,0.0,0.0,,,,0.006349206349206349,0.0,0.1126872339638022,17.748239349298846,0.0,0.0,0.0,0.0,0.0,7.0,0.0,0.0,0.0,1.0986122886681098,0.0,2025-11-21
8216,754,37.374146,49.758698,2023-11-01,2025-11-21,748.0,6767.0,34895.0,46.651069518716575,23.0,109.0,752.0,0.9946808510638298,0.00012281340231071788,False,reliable,1,0.06531021636337585,0.1300472847112767,0.21246596933658118,0.3831207909442614,0.6457658690356785,0.8850838228972632,5570.0,7034.0,0.00013692449491700386,0.7918976545842218,-0.23332311952767348,60.558904109589044,33.0,82.40242287396057,1.3606987128572028,0.8897884824187756,0.977433600601353,1.2444971672373952,1.416294301066288,0.8396627606033911,0.8304057393023191,0.8050013572204126,1.1252326663564447,2.8859378045045796,10.46012748844141,8.625329850020815,2025-11-21
8234,987,35.50494,51.189137,2023-11-07,2025-11-18,79.0,111.0,164.0,2.0759493670886076,2.0,4.0,746.0,0.10589812332439678,5.772001140265864e-07,False,sparse,0,0.0,0.04878048780487805,0.07317073170731707,0.17073170731707318,0.3231707317073171,0.725609756097561,113.0,45.0,2.7778218896986417e-06,2.4782608695652173,0.9075570519054006,0.4383561643835616,0.0,1.0402121160728748,2.3729838897912456,0.7896634615384616,0.8774038461538463,1.403846153846154,1.2283653846153846,0.6886792452830188,1.0528846153846154,0.9651442307692308,0.955952380952381,0.3509615384615385,5.10594547390058,4.736198448394496,2025-11-21
8270,987,35.634552,51.133152,2023-11-01,2025-11-21,752.0,5939.0,21261.0,28.272606382978722,21.0,56.0,752.0,1.0,7.482836356292228e-05,False,reliable,1,0.04698744179483561,0.09896053807440854,0.16626687361836226,0.3118856121537087,0.5435304077889093,0.8186350594986125,1939.0,4717.0,4.7665457027660764e-05,0.4111911827045358,-0.8886970079102463,32.87123287671233,23.0,35.889289011953586,1.0918145098652325,0.7184210188877634,0.8886657391616551,1.1782572736481722,2.054637311346763,0.9097821335002375,0.6458768769153833,0.606094605511175,1.4767580311004216,1.8428552194596537,9.964676720848551,7.570443252057374,2025-11-21
8271,754,37.422337,49.930534,2023-11-01,2025-11-21,752.0,16316.0,194122.0,258.1409574468085,157.0,579.5999999999999,752.0,1.0,0.0006832148813113964,False,reliable,1,0.06164164803577132,0.12568899970121883,0.21826995394648727,0.4114371374702507,0.6570455692811737,0.8717662088789524,29552.0,31145.0,0.0007264618803926925,0.9488537853978039,-0.05250056453149554,294.2219178082192,186.0,338.6157058105644,1.1508853872378133,0.8387180418356215,0.9585909290493474,1.2450701355148655,1.5031171140970845,0.8659232011115088,0.8139460547832758,0.7772129235869214,1.1814859008757936,2.678773396710654,12.176247257757865,10.293940540523788,2025-11-21
8304,987,35.754559,52.773872,2023-11-01,2025-11-21,752.0,20906.0,500189.0,665.1449468085107,299.5,1375.5999999999997,752.0,1.0,0.0017604216331392941,False,reliable,1,0.029428875884915502,0.06597506142678068,0.123431342952364,0.27055572993408494,0.5431586860166857,0.8549128429453666,38837.0,164989.0,0.0009547103427453641,0.23539608461118855,-1.4464857172119263,775.3178082191781,301.0,1457.522396425899,1.8799031583882635,0.6741900326811154,0.8383410807030286,1.3340187089396427,2.1588169561249977,0.8297997076112095,0.5900061920968945,0.5781004043890495,1.4879796783037522,2.309524385526802,13.122743305222615,10.567154427773565,2025-11-21
8375,754,37.434215,49.878531,2023-11-01,2025-11-21,752.0,19349.0,425496.0,565.8191489361702,339.5,1278.6999999999998,752.0,1.0,0.0014975386568161976,False,reliable,1,0.06491717900990844,0.12766512493654464,0.21705961983191382,0.39837977325286256,0.6567441292045049,0.877434805497584,67457.0,57520.0,0.0016582613381716928,1.1727542984301385,0.15935508347670613,597.9041095890411,370.0,697.3469496974199,1.1663190443309195,0.8274738240887116,0.9439705081501769,1.242995817846323,1.5121089474825125,0.8633617646893537,0.8257369878271658,0.7869798082871146,1.1846460837869182,2.677365260807422,12.961013176441922,11.119260460977815,2025-11-21
8377,289,34.355602,59.861969,2025-01-11,2025-01-11,1.0,1.0,2.0,2.0,2.0,2.0,315.0,0.0031746031746031746,7.03902578081203e-09,True,one_off_anomaly,0,0.0,0.0,0.0,0.0,0.0,0.0,0.0,0.0,,,,0.006349206349206349,0.0,0.1126872339638022,17.748239349298846,0.0,0.0,0.0,0.0,0.0,7.0,0.0,0.0,0.0,1.0986122886681098,0.0,2025-11-21
8428,929,35.846039,50.884048,2023-11-01,2025-11-20,648.0,1856.0,5247.0,8.097222222222221,5.0,18.0,752.0,0.8617021276595744,1.846688413596036e-05,False,reliable,1,0.04859919954259577,0.08785972936916334,0.1385553649704593,0.303411473222794,0.5286830569849438,0.8263769773203735,468.0,1283.0,1.1504607472380216e-05,0.3652647975077882,-1.0071327158036274,7.323287671232877,4.0,11.183269987935635,1.5270832568636388,0.7746625802181358,0.9558548447437336,1.2132003798670465,1.6858758525425193,0.9300905632142529,0.7799145299145299,0.6617456617456616,1.3043842303101563,1.5808368586146364,8.565602330623925,6.150602768446279,2025-11-21
8445,987,35.474312,51.675701,2023-11-01,2025-11-21,752.0,12783.0,60930.0,81.02393617021276,65.0,146.0,752.0,1.0,0.0002144439204124385,False,reliable,1,0.061102904972919744,0.12484818644345971,0.20817331363860167,0.38117511898900375,0.6065649105530937,0.8320695880518628,8619.0,13199.0,0.00021187652094966896,0.6530303030303031,-0.4261317449167237,110.02465753424657,92.0,72.97302636693149,0.6632424767531561,0.8440415693771106,0.9059158115720779,1.0385783817019656,1.8298345806189626,0.8835069278861808,0.7440639802937171,0.7562989999367898,1.3521644320967015,1.5926499855382548,11.017497355384243,9.061840363657739,2025-11-21
8503,424,37.767738,45.836803,2023-12-06,2025-11-13,72.0,83.0,144.0,2.0,1.5,3.0,717.0,0.100418410041841,5.068098562184661e-07,False,sparse,0,0.013888888888888888,0.09027777777777778,0.22916666666666666,0.375,0.5902777777777778,0.7986111111111112,13.0,75.0,3.195724297883393e-07,0.18421052631578946,-1.6916760106710726,0.28493150684931506,0.0,1.0382348758270992,3.643805093047031,0.8099112426035504,0.944896449704142,1.1473742603550297,2.0922707100591715,0.46353410740203194,0.6749260355029586,0.8774038461538461,1.27014652014652,0.944896449704142,4.976733742420574,2.6390573296152584,2025-11-21
8504,987,35.305553,51.722439,2025-01-11,2025-01-11,1.0,1.0,2.0,2.0,2.0,2.0,315.0,0.0031746031746031746,7.03902578081203e-09,True,one_off_anomaly,0,0.0,0.0,0.0,0.0,0.0,0.0,0.0,0.0,,,,0.006349206349206349,0.0,0.1126872339638022,17.748239349298846,0.0,0.0,0.0,0.0,0.0,7.0,0.0,0.0,0.0,1.0986122886681098,0.0,2025-11-21
8545,149,36.631439,52.252369,2023-11-01,2025-11-21,752.0,35757.0,3627217.0,4823.426861702128,3353.0,10735.899999999998,752.0,1.0,0.012766036987799833,False,reliable,1,0.05253586978667116,0.10744821718689562,0.18913922161260271,0.36988991835889606,0.6239949250348132,0.8583961202210951,610025.0,580681.0,0.014995936267817823,1.0505336828074574,0.049298304384757685,5135.1506849315065,3527.0,4755.494506563639,0.926067178616214,0.844046836838928,0.9334270317721739,1.2295759325691356,1.4858675653946498,0.8600140789931577,0.8340890734699457,0.8156715179044493,1.169960567496754,2.179338339977075,15.103976521228603,13.321256858191981,2025-11-21
8592,424,32.668564,52.130466,2025-01-11,2025-01-11,1.0,1.0,2.0,2.0,2.0,2.0,315.0,0.0031746031746031746,7.03902578081203e-09,True,one_off_anomaly,0,0.0,0.0,0.0,0.0,0.0,0.0,0.0,0.0,,,,0.006349206349206349,0.0,0.1126872339638022,17.748239349298846,0.0,0.0,0.0,0.0,0.0,7.0,0.0,0.0,0.0,1.0986122886681098,0.0,2025-11-21
8593,424,33.599468,51.228264,2025-01-11,2025-01-11,1.0,1.0,2.0,2.0,2.0,2.0,315.0,0.0031746031746031746,7.03902578081203e-09,True,one_off_anomaly,0,0.0,0.0,0.0,0.0,0.0,0.0,0.0,0.0,,,,0.006349206349206349,0.0,0.1126872339638022,17.748239349298846,0.0,0.0,0.0,0.0,0.0,7.0,0.0,0.0,0.0,1.0986122886681098,0.0,2025-11-21
8619,424,32.629906,51.442719,2023-11-01,2025-11-20,620.0,1828.0,3504.0,5.651612903225806,4.0,12.0,752.0,0.824468085106383,1.2332373167982676e-05,False,reliable,1,0.04908675799086758,0.11015981735159817,0.18521689497716895,0.3655821917808219,0.5970319634703196,0.8418949771689498,539.0,624.0,1.324996458891653e-05,0.864,-0.1461825101780807,5.465753424657534,4.0,5.958838185540129,1.0902135026176176,0.8197898592635434,0.8971949103528052,1.1434837092731829,1.8295739348370927,0.6731451269683643,0.8655292076344708,0.7775689223057644,1.2458527270557345,2.526219394640447,8.16194579946869,6.29156913955832,2025-11-21
8628,424,32.939987,50.139385,2023-11-01,2025-11-21,718.0,4614.0,17142.0,23.874651810584957,11.0,59.30000000000007,752.0,0.9547872340425532,6.03314899673399e-05,False,reliable,1,0.03465173258662933,0.07216194143040486,0.13172325282930814,0.2930813207327033,0.5871543577178859,0.879185625947964,1000.0,4438.0,2.4582494599103023e-05,0.2255012390177968,-1.4894296255188149,27.934246575342467,14.0,42.85608493852084,1.534177226614369,0.6636463771614811,0.7903174698976974,1.253630760177445,2.5237838367987444,0.6018175829219006,0.6092604188671273,0.5652009083501826,1.5536484896037661,3.2590269185502607,9.749345206007481,6.90875477931522,2025-11-21
8656,424,32.319454,52.103912,2025-01-11,2025-11-21,44.0,59.0,83.0,1.8863636363636365,2.0,3.700000000000003,315.0,0.13968253968253969,2.921195699036992e-07,False,sparse,0,0.0,0.024096385542168676,0.1566265060240964,0.3253012048192771,0.5542168674698795,0.8313253012048193,76.0,5.0,1.8682695895318298e-06,12.833333333333334,2.552045952625629,0.2634920634920635,0.0,0.7510717580663229,2.8504530577215865,0.5903614457831325,0.6746987951807228,1.3493975903614457,1.3493975903614457,0.7590361445783133,1.180722891566265,1.0963855421686746,1.0542168674698795,0.9108433734939758,4.430816798843313,4.343805421853684,2025-11-21
8682,490,25.848217,54.653672,2025-01-11,2025-01-11,1.0,1.0,2.0,2.0,2.0,2.0,315.0,0.0031746031746031746,7.03902578081203e-09,True,one_off_anomaly,0,0.0,0.0,0.0,0.0,0.0,0.0,0.0,0.0,,,,0.006349206349206349,0.0,0.1126872339638022,17.748239349298846,0.0,0.0,0.0,0.0,0.0,7.0,0.0,0.0,0.0,1.0986122886681098,0.0,2025-11-21
8695,424,33.58651,51.590858,2023-11-01,2025-11-21,752.0,14332.0,86014.0,114.38031914893617,56.0,238.79999999999995,752.0,1.0,0.000302727381755383,False,reliable,1,0.053874950589438926,0.1134699002487967,0.19801427674564606,0.37653172739321505,0.6265607924291394,0.8731950612690957,7436.0,7630.0,0.00018279542983893008,0.9745773817324073,-0.02575135658633343,113.97534246575343,58.0,166.0131794887444,1.456571008230372,0.73784515165131,0.8586540079472941,1.27372354214858,2.1796212369155326,0.6355230938298381,0.6661359841571856,0.6555061546227624,1.4002193170722772,3.3397912032440047,11.36227697863114,8.9142228207033,2025-11-21
8699,987,35.523815,51.355103,2025-01-11,2025-01-11,1.0,1.0,2.0,2.0,2.0,2.0,315.0,0.0031746031746031746,7.03902578081203e-09,True,one_off_anomaly,0,0.0,0.0,0.0,0.0,0.0,0.0,0.0,0.0,,,,0.006349206349206349,0.0,0.1126872339638022,17.748239349298846,0.0,0.0,0.0,0.0,0.0,7.0,0.0,0.0,0.0,1.0986122886681098,0.0,2025-11-21
8715,490,27.179347,56.278142,2023-11-01,2025-11-21,752.0,38847.0,1917424.0,2549.7659574468084,1543.0,4041.9,752.0,1.0,0.006748398484373862,False,reliable,1,0.1440599470956867,0.25166473351746926,0.36608856465758227,0.5485156126135899,0.7322856081909895,0.8770699647026428,136281.0,84381.0,0.003350126946460359,1.6150600839041502,0.47937215963840174,2748.0301369863014,1624.0,4000.432638233689,1.4557455481987063,0.9900518451649972,1.0629012309842711,1.1237700069550731,1.1400054128244983,0.8325346064756967,0.932486134526251,0.9214712514062184,0.9848058629531984,2.981436343366334,14.466493698029653,11.82248154733496,2025-11-21
8728,149,36.317166,52.885947,2025-01-11,2025-01-11,1.0,1.0,2.0,2.0,2.0,2.0,315.0,0.0031746031746031746,7.03902578081203e-09,True,one_off_anomaly,0,0.0,0.0,0.0,0.0,0.0,0.0,0.0,0.0,,,,0.006349206349206349,0.0,0.1126872339638022,17.748239349298846,0.0,0.0,0.0,0.0,0.0,7.0,0.0,0.0,0.0,1.0986122886681098,0.0,2025-11-21
8738,929,35.736645,50.899551,2023-11-01,2025-11-21,752.0,8085.0,21471.0,28.55186170212766,21.0,52.0,752.0,1.0,7.556746126990754e-05,False,reliable,1,0.05230310651576545,0.10358157514787387,0.17772809836523684,0.3408318196637325,0.5741232359927344,0.8363373853104187,2210.0,5380.0,5.4327313064017686e-05,0.41089016911354764,-0.889429328631973,36.032876712328765,27.0,35.71112754363905,0.9910706777241678,0.7631919099756691,0.9884135785139435,1.1522596738723563,1.9165189851207187,0.8210531148143048,0.6911423240688752,0.6708616998877036,1.3635695458231956,1.9533443290286359,9.974505039771408,7.701200180857446,2025-11-21
8789,424,32.699741,51.103882,2023-11-01,2025-09-09,605.0,3066.0,6125.0,10.12396694214876,5.0,23.0,752.0,0.8045212765957447,2.155701645373684e-05,False,reliable,1,0.08440816326530612,0.14057142857142857,0.2370612244897959,0.3900408163265306,0.6306938775510204,0.8360816326530612,4.0,829.0,9.83299783964121e-08,0.006024096385542169,-5.111987788356543,6.4,2.0,13.65042365401404,2.1328786959396937,0.859375,1.171875,1.2019230769230769,1.3040865384615385,0.7458726415094339,0.8743990384615383,0.8473557692307693,1.0223214285714284,4.248798076923077,8.72029728739272,1.6094379124341003,2025-11-21
8837,149,36.84795,50.790531,2023-11-01,2025-11-21,752.0,13872.0,133484.0,177.50531914893617,130.0,402.69999999999993,752.0,1.0,0.0004697986586629565,False,reliable,1,0.05952024212639717,0.12144526684846124,0.21820592730214858,0.4117871804860508,0.6562284618381229,0.8630097989272123,23926.0,22237.0,0.0005881607657781389,1.0759510747369367,0.07320499113048307,208.3095890410959,161.0,177.49250112962017,0.8520611170453797,0.9173660930628299,1.0070070789100685,1.1881354148856418,1.316550050635908,0.7994269618281437,0.8841315360030918,0.8912400384853135,1.0555260153329413,2.050387534157739,11.801744390959072,10.082762807393678,2025-11-21
8838,754,37.132648,50.300255,2023-11-01,2025-11-21,752.0,23397.0,694383.0,923.3816489361702,516.5,2170.0,752.0,1.0,0.0024438899193788,False,reliable,1,0.06501743274244905,0.13416371080513204,0.22462531484785775,0.41121110395847826,0.6528212816269984,0.8643630388416768,111234.0,96281.0,0.0027344092042366256,1.1553042105481814,0.14436369504981883,960.6054794520549,556.0,1242.9406764784144,1.293913789860337,0.8608953279159856,0.9690002222430399,1.2033676292591189,1.4114495314138231,0.8727003672674999,0.8609153473408608,0.8241196444199117,1.139509477130441,2.76888665451387,13.450780400588163,11.619400359477234,2025-11-21
8840,149,36.687219,52.572572,2023-11-01,2025-11-21,752.0,23506.0,128566.0,170.9654255319149,128.5,310.9,752.0,1.0,0.0004524896942679397,False,reliable,1,0.10268655787688813,0.19421153337585365,0.3159155608792371,0.5395750042779583,0.7743649176298555,0.9332794051304388,18511.0,15824.0,0.00045504655752399607,1.1697946287519747,0.15682820242107987,172.1150684931507,137.0,145.76182182206753,0.8468858833697535,0.9553090171742874,1.042683479329877,1.2188849202753569,1.3034660812111387,0.7372207068428738,0.8701691959945438,0.8773200471172519,1.0176469874823955,2.2024621457940996,11.764205448213467,9.826174449433458,2025-11-21
8856,987,35.819401,51.637291,2023-11-01,2025-11-21,752.0,31752.0,1058219.0,1407.2061170212767,890.5,2709.9,752.0,1.0,0.0037244154113725628,False,reliable,1,0.052556228909138844,0.10363639284495932,0.1759635765375598,0.3356469691056388,0.5977326054436747,0.8653728576031994,81036.0,239255.0,0.0019920670323329125,0.33870414953021033,-1.082628267889465,1515.8109589041096,873.0,1719.7407595621362,1.134535114329469,0.7225124618996699,0.8592760148281764,1.1823957671042553,2.103240754322232,0.8531581115031043,0.6368766564945291,0.6453641163191275,1.4722466584230531,2.151552035356717,13.872098809292465,11.302661119481185,2025-11-21
8913,149,36.113667,53.057751,2023-11-01,2025-11-21,752.0,10831.0,101001.0,134.30984042553192,75.0,323.5999999999999,752.0,1.0,0.0003554743214438979,False,reliable,1,0.034781833843229276,0.07562301363352839,0.14266195384204117,0.29742279779408126,0.55681626914585,0.8411104840546133,12617.0,27996.0,0.00031015733435688287,0.4506911454798728,-0.7969729956292362,165.82191780821918,96.0,211.88976649348484,1.2778151965323745,0.6898039589489403,0.8141263940520446,1.3145473898262001,2.09875289931052,0.8473513985332741,0.6317017761255679,0.6066517332316588,1.467093094156291,2.674324023766403,11.522895597607539,9.442879644930755,2025-11-21
8930,424,32.655102,51.759548,2025-01-11,2025-01-11,1.0,1.0,2.0,2.0,2.0,2.0,315.0,0.0031746031746031746,7.03902578081203e-09,True,one_off_anomaly,0,0.0,0.0,0.0,0.0,0.0,0.0,0.0,0.0,,,,0.006349206349206349,0.0,0.1126872339638022,17.748239349298846,0.0,0.0,0.0,0.0,0.0,7.0,0.0,0.0,0.0,1.0986122886681098,0.0,2025-11-21
8957,424,33.701836,51.981644,2025-01-11,2025-11-06,79.0,103.0,201.0,2.5443037974683542,2.0,4.200000000000003,315.0,0.2507936507936508,7.07422090971609e-07,False,sparse,0,0.11940298507462686,0.23383084577114427,0.263681592039801,0.47761194029850745,0.7512437810945274,0.9203980099502488,35.0,38.0,8.603873109686059e-07,0.9230769230769231,-0.08004270767353638,0.638095238095238,0.0,1.5087250039015185,2.3644197822337234,0.9054726368159204,1.18407960199005,1.0796019900497513,1.3930348258706469,0.9054726368159204,0.8706467661691544,0.6616915422885573,1.1492537313432836,3.698507462686567,5.308267697401205,3.58351893845611,2025-11-21
8978,149,36.915989,50.662334,2023-11-01,2025-11-21,752.0,44928.0,26953082.0,35841.86436170213,26085.0,71057.4,752.0,1.0,0.09486171953517034,False,reliable,1,0.07953836225482488,0.15668267547288284,0.2641071251146715,0.47423070207703893,0.7245685669638819,0.9105117181033323,5104036.0,3591925.0,0.1254699374036274,1.420974986678456,0.3513432463410755,38092.202739726024,29431.0,33538.02595689193,0.8804433334046974,0.881653782136364,0.9650066975752727,1.2145171790534623,1.3533887248411325,0.8283911933008321,0.8945415397774074,0.8658010526751292,1.0883899708255522,2.206111692210275,17.10960824580798,15.445542353196789,2025-11-21
8979,149,36.482399,52.121132,2023-11-01,2025-11-21,752.0,23104.0,677427.0,900.8337765957447,546.5,1801.0999999999995,752.0,1.0,0.0023842130588090753,False,reliable,1,0.055353565771662484,0.10939924154189308,0.18442872811387795,0.3515035568408109,0.6200786210174676,0.8743362753477496,98552.0,136887.0,0.002422654007730801,0.719953538659342,-0.3285685986939644,1071.668493150685,672.0,1297.1669181056343,1.2104180783480796,0.8524988461312308,0.948287652847052,1.2411272063868577,1.48174768395382,0.8524179256931999,0.8184398062011768,0.8083189956002546,1.1640859964508403,2.3899109883901235,13.42605855302588,11.498349753517841,2025-11-21
8999,424,33.983395,51.432083,2023-11-01,2025-11-21,752.0,35349.0,3313958.0,4406.859042553191,1863.0,9247.999999999996,752.0,1.0,0.011663517899264135,False,reliable,1,0.059822725574675356,0.12697414994396428,0.21832503610486312,0.39977935749336596,0.6407187417583445,0.8616545532562573,217343.0,241937.0,0.005342833123652848,0.8983458572030851,-0.10720014317640292,4252.93698630137,1856.0,7176.199619351986,1.6873515037881799,0.6879001883332493,0.7971730909715103,1.339056537932802,2.1870497130204845,0.70067450749921,0.6650652897847423,0.6288369319291706,1.4367841330906983,3.251852336742585,15.01365410513593,12.28923663079091,2025-11-21
9059,929,35.72472,50.952766,2023-11-01,2025-11-21,752.0,39125.0,1988958.0,2644.8909574468084,2284.5,4112.3,752.0,1.0,0.007000163319476166,False,reliable,1,0.06438094720954389,0.12624047365504953,0.20525119183009394,0.36126755818876016,0.5779136613241708,0.8169800468385959,224291.0,290844.0,0.005513632296127416,0.7711736491945882,-0.25984170484504077,2723.4246575342468,2284.0,1255.0323615394204,0.4608287429826351,0.8497714284608806,0.9338496747958043,1.0873964511922862,1.6268332153234824,0.8964642452782736,0.8219783674401148,0.7856976897153447,1.2581707828244721,1.507095680839456,14.503121944250097,12.320704053354179,2025-11-21
9062,754,36.701328,49.790562,2025-01-11,2025-01-11,1.0,1.0,2.0,2.0,2.0,2.0,315.0,0.0031746031746031746,7.03902578081203e-09,True,one_off_anomaly,0,0.0,0.0,0.0,0.0,0.0,0.0,0.0,0.0,,,,0.006349206349206349,0.0,0.1126872339638022,17.748239349298846,0.0,0.0,0.0,0.0,0.0,7.0,0.0,0.0,0.0,1.0986122886681098,0.0,2025-11-21
9063,754,37.603432,49.069382,2023-11-01,2025-11-21,752.0,12376.0,154509.0,205.46409574468086,114.0,519.9,752.0,1.0,0.000543796417183743,False,reliable,1,0.06789895734229075,0.1363351002206991,0.22748836637347986,0.42919182701331315,0.6746014795254646,0.8749522681526642,33062.0,24101.0,0.0008127464364355442,1.3717948717948718,0.3161200077723141,241.72054794520548,140.0,307.80018625569335,1.2733720358993526,0.8515873209621225,0.9844489452153685,1.2527976030633918,1.3436526778521383,0.8794655955709949,0.8598613382808876,0.8305044883710386,1.1093487220340374,2.9613026215295335,11.948014098144464,10.406170111359652,2025-11-21
9076,289,35.241646,60.621616,2024-12-21,2025-01-11,2.0,2.0,4.0,2.0,2.0,2.0,336.0,0.005952380952380952,1.407805156162406e-08,False,sparse,0,0.0,0.0,0.0,0.0,0.0,0.0,0.0,0.0,,,,0.011904761904761904,0.0,0.15407287432939726,12.94212144366937,0.0,0.0,0.0,0.0,0.0,7.0,0.0,0.0,0.0,1.6094379124341003,0.0,2025-11-21
9077,987,36.011219,51.491228,2023-11-01,2025-11-21,752.0,17904.0,181530.0,241.3962765957447,131.0,497.9,752.0,1.0,0.0006388971749954038,False,reliable,1,0.04466479369801135,0.08971519858976477,0.155985236600011,0.3087643915606236,0.570252850768468,0.8491929708588112,11449.0,40991.0,0.00028144498066513053,0.27932279469164717,-1.2753871957140746,277.46849315068494,146.0,402.6109392114466,1.4510149770150678,0.7512287442996594,0.8500618644556991,1.1642347492153962,2.212240085736768,0.803626853425759,0.5755331204598553,0.6468509890717521,1.5012257875226396,1.6445387623159258,12.109181717000643,9.345745008982385,2025-11-21
9091,754,36.883541,49.907143,2023-11-01,2025-11-21,752.0,18627.0,212026.0,281.9494680851064,163.0,686.8,752.0,1.0,0.0007462282401012257,False,reliable,1,0.058771094111099584,0.1213766236216313,0.2169026440153566,0.4160527482478564,0.671078075330384,0.8851744597360701,38769.0,55004.0,0.0009530387331126251,0.7048450140896282,-0.3497773385085612,337.14794520547946,214.0,361.0867069281515,1.0710037301520026,0.7659271631431327,0.911206913256743,1.217110054151636,1.6713730812049505,0.88287762565801,0.8347168681439234,0.7190406477943351,1.2733706131669709,2.3510564350933607,12.264468904035311,10.565402030664975,2025-11-21
9150,289,36.209213,57.68232,2023-11-01,2025-11-21,752.0,13982.0,80040.0,106.43617021276596,86.0,195.89999999999998,752.0,1.0,0.00028170181174809743,False,reliable,1,0.05483508245877061,0.12122688655672163,0.20658420789605197,0.37197651174412794,0.5592328835582209,0.7490504747626187,12181.0,13114.0,0.0002994393667116739,0.9288600838734273,-0.0737971609045438,122.62465753424658,97.0,83.31433886592008,0.6794256599057337,1.067830160143266,1.0317601150804154,1.084610572411636,1.1039002052061169,0.941821721340846,0.8717973065408161,0.899398732328041,1.022089160969361,1.7451628759104516,11.290294282372747,9.40771473139643,2025-11-21
9220,490,26.951206,55.587902,2023-11-01,2025-11-21,709.0,4392.0,13535.0,19.090267983074753,10.0,39.200000000000045,752.0,0.9428191489361702,4.763660697164541e-05,False,reliable,1,0.10491318803103065,0.20576283708902846,0.3021795345400813,0.464647210934614,0.6257850018470632,0.7922423346878463,717.0,553.0,1.762564862755687e-05,1.296028880866426,0.25930488230094006,20.235616438356164,10.0,31.550314647527195,1.5591476910841358,0.9712501822574934,1.044426565852236,1.1071491803620155,1.4549745880980651,0.8056036662937021,0.846755295882022,0.7735789122872795,1.127196884711101,3.2406684163386035,9.513108081846005,6.576469569048224,2025-11-21
9221,490,25.657701,57.785668,2025-01-11,2025-01-11,1.0,1.0,2.0,2.0,2.0,2.0,315.0,0.0031746031746031746,7.03902578081203e-09,True,one_off_anomaly,0,0.0,0.0,0.0,0.0,0.0,0.0,0.0,0.0,,,,0.006349206349206349,0.0,0.1126872339638022,17.748239349298846,0.0,0.0,0.0,0.0,0.0,7.0,0.0,0.0,0.0,1.0986122886681098,0.0,2025-11-21
9308,289,35.687992,61.090454,2025-08-22,2025-10-27,8.0,8.0,8.0,1.0,1.0,1.0,92.0,0.08695652173913043,2.815610312324812e-08,False,sparse,0,0.0,0.0,0.0,0.0,0.625,1.0,7.0,1.0,1.7207746219372117e-07,4.0,1.3862943611198904,0.08695652173913043,0.0,0.28331529878993134,3.2581259360842103,1.7692307692307694,0.8846153846153847,0.0,1.7692307692307694,0.8214285714285714,0.8846153846153847,0.8846153846153847,1.2777777777777777,2.875,2.1972245773362196,2.0794415416798357,2025-11-21
9356,289,36.310432,59.575672,2023-11-01,2025-11-21,752.0,45074.0,24147932.0,32111.61170212766,23002.0,63371.999999999985,752.0,1.0,0.0849889579506479,False,reliable,1,0.12246485537560732,0.23603818331110094,0.37191089489567886,0.5896004676508116,0.8137790432737677,0.9496903088844213,3513641.0,2824485.0,0.08637406090568694,1.2439934203957816,0.21832670523208542,31845.745205479452,22901.0,32314.934353187775,1.0147331816128327,0.911546116987101,0.9932869001608061,1.1317784115435112,1.1934929715629135,0.9147657257963202,0.951299646416613,0.9054693481904978,1.0528020760807284,2.88080145836826,16.999709344337706,15.072163664337763,2025-11-21
9508,149,36.678082,53.426044,2023-11-01,2025-11-21,712.0,3468.0,11833.0,16.61938202247191,10.0,37.0,752.0,0.9468085106382979,4.1646396032174374e-05,False,reliable,1,0.06464970844249134,0.1479759993239246,0.24431674131665682,0.4299839432096679,0.6584974224626046,0.8586157356545254,1901.0,2065.0,4.673132223289485e-05,0.920619554695063,-0.08270840657424827,19.904109589041095,12.0,23.13004586088015,1.162073880140572,0.8144819736354492,0.803854094975912,1.1555402615278734,1.802874688972418,0.8550429170616421,0.7883953623802213,0.7825983376568373,1.3244453183888834,2.568081952459103,9.378732023236639,7.550661243105336,2025-11-21
9547,929,35.939625,50.800458,2023-11-01,2025-11-21,752.0,43907.0,13813948.0,18369.61170212766,12043.5,39244.59999999997,752.0,1.0,0.048618368053398385,False,reliable,1,0.042392153206310026,0.08757742536746194,0.15658296961882295,0.31763482821855127,0.581712628424546,0.8632860062887163,1439546.0,2625971.0,0.03538763177016036,0.5481958680442899,-0.6011226324561783,18947.320547945204,12369.0,18292.91659174886,0.9654619261578222,0.6374262366125965,0.765124422507322,1.1292920092930057,2.2425415635226487,0.9650899122256822,0.6710985439124901,0.5900986597680691,1.5977326347727512,2.4206122057500763,16.44118943671748,14.179839038727133,2025-11-21
9581,149,36.878063,50.716972,2023-11-01,2025-11-21,752.0,11199.0,67088.0,89.2127659574468,55.0,195.79999999999995,752.0,1.0,0.0002361170807915587,False,reliable,1,0.09533746720725018,0.17742368232768901,0.2783806343906511,0.4717982351538278,0.6956981874552827,0.8864178392559027,13485.0,9713.0,0.00033149493966890426,1.3883055383981882,0.32808396638883686,98.32876712328768,66.0,98.79903217183468,1.0047825785098818,0.9368101249544548,1.0119113959320145,1.1591802944895728,1.2311523458430673,0.8182023688734444,0.9182303834365689,0.928009194761772,1.0227109288964957,2.1767634009902053,11.113775375094827,9.509407389294527,2025-11-21
9600,289,34.351749,58.685711,2023-11-01,2025-11-21,750.0,5321.0,17523.0,23.364,16.0,46.0,752.0,0.9973404255319149,6.16724243785846e-05,False,reliable,1,0.0568966501169891,0.1130514181361639,0.18975061347942704,0.3708839810534726,0.6072019631341665,0.834788563602123,2440.0,2175.0,5.998128682181138e-05,1.1217830882352942,0.11491946241712725,25.378082191780823,17.0,28.040092208072043,1.104894057642912,0.8396100283177903,0.9653999784087228,1.1662092360840066,1.5155415673606323,0.7769295167016675,0.8744674843670849,0.8661320057466013,1.1427183417899167,2.794658650213006,9.771326648933789,7.80016307039296,2025-11-21
9647,424,33.080444,50.158733,2023-12-05,2025-06-19,11.0,11.0,13.0,1.1818181818181819,1.0,2.0,718.0,0.01532033426183844,4.575366757527819e-08,False,sparse,0,0.0,0.15384615384615385,0.15384615384615385,0.3076923076923077,0.6153846153846154,0.7692307692307693,0.0,6.0,0.0,0.14285714285714285,-1.9459101490553132,0.021917808219178082,0.0,0.18023685221475047,8.22330638229799,0.8774038461538461,0.0,0.0,1.7548076923076923,0.8608490566037735,2.6322115384615388,0.8774038461538461,1.3035714285714286,1.7548076923076923,2.6390573296152584,0.0,2025-11-21
9681,929,35.908985,50.770387,2023-11-01,2025-11-21,717.0,3258.0,6987.0,9.744769874476987,7.0,20.0,752.0,0.9534574468085106,2.4590836565266824e-05,False,reliable,1,0.07728638900815801,0.15027908973808501,0.25375697724345214,0.42951195076570775,0.6496350364963503,0.8631744668670388,781.0,790.0,1.9198928281899463e-05,0.988621997471555,-0.011443227222343033,9.7013698630137,7.0,10.301825469713114,1.0618938990243678,0.8186789911585167,1.0089772554471792,1.3063182933982143,1.6373579823170334,0.8246258119175374,0.6878489344600612,0.719565311841505,1.227121743924907,2.378728303608281,8.851949671253948,6.661854740545311,2025-11-21
9704,987,35.367657,51.242989,2023-11-01,2025-11-21,684.0,1513.0,3517.0,5.141812865497076,4.0,10.0,752.0,0.9095744680851063,1.2378126835557953e-05,False,reliable,1,0.0710833096388968,0.17628660790446404,0.2763719078760307,0.48820017059994314,0.6991754336081888,0.8652260449246517,334.0,654.0,8.21055319610041e-06,0.5114503816793893,-0.6705047038101855,4.6876712328767125,3.0,4.657026630208632,0.9934627235687613,1.0666277030976037,0.9886818324866251,1.0297059749134558,1.0173987321854066,0.8251270910755047,1.0173987321854066,1.0584228746122375,0.9203473323870751,1.0584228746122375,8.165647925297504,5.814130531825066,2025-11-21
9749,424,32.470348,51.461384,2023-11-07,2025-11-08,132.0,165.0,391.0,2.962121212121212,2.0,5.0,746.0,0.1769436997319035,1.3761295401487517e-06,False,sparse,0,0.15601023017902813,0.17647058823529413,0.21994884910485935,0.5294117647058824,0.7416879795396419,0.9258312020460358,11.0,7.0,2.704074405901333e-07,1.5,0.4054651081081646,0.1917808219178082,0.0,0.6516575283433588,3.3979285406475137,0.9024725274725275,1.103021978021978,1.403846153846154,1.3035714285714286,0.5902964959568734,1.103021978021978,0.6016483516483517,0.9435374149659864,2.206043956043956,5.971261839790462,2.4849066497880004,2025-11-21
9767,490,26.59618,54.936573,2025-01-11,2025-01-11,1.0,1.0,2.0,2.0,2.0,2.0,315.0,0.0031746031746031746,7.03902578081203e-09,True,one_off_anomaly,0,0.0,0.0,0.0,0.0,0.0,0.0,0.0,0.0,,,,0.006349206349206349,0.0,0.1126872339638022,17.748239349298846,0.0,0.0,0.0,0.0,0.0,7.0,0.0,0.0,0.0,1.0986122886681098,0.0,2025-11-21
9770,149,36.653988,51.424469,2023-11-01,2025-11-21,752.0,43134.0,8506528.0,11311.872340425532,7988.5,23550.5,752.0,1.0,0.029938834948599696,False,reliable,1,0.056035788044193825,0.11253028262529671,0.1932907291905699,0.36670272524818587,0.6146225581106651,0.8549209501220709,1426265.0,1342471.0,0.035061151659389674,1.0624176891585075,0.060547149788268584,12130.071232876713,8434.0,10569.18525717127,0.8713209555212752,0.7890656941058343,0.8834972532014593,1.24041220967918,1.6806230179278387,0.8424206622804828,0.8007515282018294,0.766260006482596,1.2575304003153638,2.199755615232627,15.956344544256222,14.170570398325122,2025-11-21
9806,289,36.304298,59.376328,2023-11-01,2025-11-21,752.0,14044.0,92945.0,123.59707446808511,87.5,260.79999999999995,752.0,1.0,0.00032712112559878705,False,reliable,1,0.05837861100650923,0.11563828070364193,0.19448060681047932,0.36090160847813224,0.599042444456399,0.8490182365915326,13147.0,14704.0,0.00032318605649440745,0.8941176470588236,-0.11191791620398561,138.76712328767124,96.0,144.56037186571757,1.0417479907401166,0.776757916318627,0.9684182549927861,1.1018737185815173,1.910505733161212,0.7576151539421483,0.7702445136304958,0.7192459564127875,1.3285704884125416,2.97038879185967,11.439773958334419,9.48402493478411,2025-11-21
9814,754,37.466705,49.4627,2023-11-01,2025-11-21,752.0,43291.0,10995735.0,14621.988031914894,9507.0,31394.59999999999,752.0,1.0,0.03869963107198858,False,reliable,1,0.06811968458679661,0.1352277041962179,0.22873359534401294,0.42122468393427087,0.6625366107859093,0.8690211250089239,1997457.0,1403788.0,0.04910247591444053,1.4229047242854873,0.3527003627449563,15808.37808219178,10645.0,16098.142006112654,1.0183297693422004,0.8396095611837204,0.938762194018207,1.2337214174650213,1.4625071126468079,0.8579973922239833,0.8576988007612882,0.8124343410812801,1.1573736347190964,2.605945342183869,16.213018119248613,14.507385930118657,2025-11-21
9879,754,36.97464,50.554722,2023-11-01,2025-11-21,752.0,26314.0,827917.0,1100.9534574468084,695.5,2524.7999999999993,752.0,1.0,0.0029138645536862765,False,reliable,1,0.0724891504824759,0.1457356232569207,0.25011444383917714,0.46149795208940025,0.7064560819502438,0.8962625480573536,156502.0,116962.0,0.0038472095697488213,1.338055624428238,0.29121753365823366,1180.0164383561644,785.0,1270.595574962251,1.0767609108329617,0.866073332549885,0.9820756278868076,1.1884612794949545,1.3312396033846399,0.8819192779489997,0.8984229470825896,0.8540787147684893,1.1044398200695071,2.475812967546308,13.6266693946468,11.96083045810769,2025-11-21
9880,424,32.771557,50.626858,2023-11-01,2025-11-21,752.0,20301.0,331345.0,440.6183510638298,211.0,967.5999999999997,752.0,1.0,0.001166172998671581,False,reliable,1,0.04654966877423833,0.10359896784318459,0.189962124070078,0.4007876986222819,0.6933377597368302,0.9216013520650681,47464.0,80662.0,0.001166783523651826,0.588435837992636,-0.5302873845762726,525.5452054794521,288.0,837.380066046052,1.5933549717804287,0.6479351865812892,0.8645966334524595,1.4482030202364986,2.1670169811108897,0.6406285163915979,0.6607789913189654,0.577751660977691,1.3965542322525808,3.6241484582020695,12.710918425616136,10.767747876315898,2025-11-21
9899,987,35.621708,52.150127,2023-11-01,2025-11-21,752.0,11500.0,79605.0,105.85771276595744,47.0,197.79999999999995,752.0,1.0,0.0002801708236407708,False,reliable,1,0.040550216694931224,0.08455499026443063,0.1456064317567992,0.29148922806356387,0.5622385528547201,0.8630739275171158,5246.0,30066.0,0.00012895976666689446,0.1745102604183989,-1.7457717401089408,128.26849315068492,49.0,302.4319090002151,2.357803553869848,0.7083998757874191,0.9016543604202198,1.3557799104223558,2.0719759329909273,0.8181541206937826,0.5557753099563941,0.591757525869406,1.4390944467837972,2.1586331029814305,11.284844745876201,8.565411763686711,2025-11-21
9936,289,34.795189,60.507618,2025-01-11,2025-01-11,1.0,1.0,2.0,2.0,2.0,2.0,315.0,0.0031746031746031746,7.03902578081203e-09,True,one_off_anomaly,0,0.0,0.0,0.0,0.0,0.0,0.0,0.0,0.0,,,,0.006349206349206349,0.0,0.1126872339638022,17.748239349298846,0.0,0.0,0.0,0.0,0.0,7.0,0.0,0.0,0.0,1.0986122886681098,0.0,2025-11-21
9951,754,36.80666,49.418976,2023-11-01,2025-11-21,752.0,21885.0,529238.0,703.7739361702128,446.0,1549.5999999999997,752.0,1.0,0.0018626599630926985,False,reliable,1,0.04304868509063975,0.09561671686462424,0.168430838299593,0.32483306187386396,0.5658323854296177,0.8183520457714677,73001.0,104914.0,0.00179454668822912,0.6958204260591908,-0.36266366047329157,777.3726027397261,495.0,877.1096566546162,1.1283001916499023,0.7115190098879449,0.8089378910832278,1.2748069542293852,1.8428198874759294,0.9260754210274011,0.7609458571779844,0.6763166056368307,1.3800822044114343,2.650199274365327,13.179195404652635,11.198242117015504,2025-11-21
