city_code,province_code,province_name,macro_region,lat,long,api_elevation,coastal_status,total_demand,log_total_demand,demand_percentile,demand_tier,total_search_rows,active_log_days,unique_checkins,mean_lead_time,median_lead_time,p25_lead_time,p75_lead_time,share_lead_0_3,share_lead_4_7,share_lead_8_14,share_lead_15_30,share_lead_31_plus,active_rate,checkin_coverage,cluster,cluster_label,cluster_distance,cluster_score
1011,149,Mazandaran,NORTH_CASPIAN,35.881989,52.16975,2050.0,1,238606,12.382573126019464,0.7819314641744548,HIGH,17446,789,752,15.11899575834002,12.0,5.0,22.0,0.1712140318697695,0.1631319500171959,0.2365585234437693,0.3051129198670182,0.1239825748022469,0.9728729963008631,1.0,3,ACTIVE_HIGH_DEMAND,1.5279142716255651,0.3170398003577749
1013,289,Razavi Khorasan,EAST,37.102367,58.510872,1317.0,0,28,3.367295829986474,0.2087227414330218,LOW,11,5,11,4.2727272727272725,4.0,1.5,5.5,0.4545454545454545,0.4545454545454545,0.0909090909090909,0.0,0.0,0.006165228113440197,0.014627659574468085,2,ACTIVE_MEDIUM_DEMAND,3.536928249544052,0.15307139009953244
1053,149,Mazandaran,NORTH_CASPIAN,36.721233,51.115971,-20.0,1,698994,13.457398868114542,0.8660436137071651,VERY_HIGH,22756,786,752,19.037836175074705,16.0,7.0,28.0,0.131877307083846,0.1290648620144137,0.2031991562664791,0.3222007382668307,0.2136579363684303,0.969173859432799,1.0,4,VERY_HIGH_DEMAND,1.437599323539549,0.13909837065225944
1054,289,Razavi Khorasan,EAST,37.444752,59.105713,480.0,0,52508,10.868739862458945,0.6199376947040498,HIGH,7009,719,744,12.424311599372237,9.0,3.0,18.0,0.2583820801826223,0.1930375231844771,0.2269938650306748,0.2289912969039806,0.0925952346982451,0.8865598027127004,0.9893617021276596,2,ACTIVE_MEDIUM_DEMAND,1.6585768934584062,0.4338646122671336
1120,987,Tehran,NORTH_CENTRAL,35.691353,50.840694,1161.0,0,29199,10.281923988256374,0.5669781931464174,MEDIUM,6727,773,751,10.82770923145533,7.0,2.0,15.0,0.3257023933402705,0.2051434517615579,0.2042515237104206,0.1887914374907091,0.0761111936970417,0.9531442663378545,0.9986702127659575,3,ACTIVE_HIGH_DEMAND,0.6887755357200338,0.580975536659422
1156,149,Mazandaran,NORTH_CASPIAN,36.516186,52.574413,5.0,1,2,1.0986122886681098,0.0965732087227414,VERY_LOW,1,1,1,0.0,0.0,0.0,0.0,1.0,0.0,0.0,0.0,0.0,0.0012330456226880395,0.0013297872340425532,1,SPARSE_LOW_DEMAND_B,1.3974791476255608,0.5011352140449682
1173,987,Tehran,NORTH_CENTRAL,35.814018,52.513824,2129.0,0,8931,9.097395612960048,0.4330218068535825,MEDIUM,2693,607,623,8.663572224285184,5.0,2.0,12.0,0.3687337541774972,0.2365391756405495,0.1975492016338655,0.1581878945414036,0.038989974006684,0.7484586929716399,0.8284574468085106,3,ACTIVE_HIGH_DEMAND,1.3711013226953512,0.48103360566284187
1177,149,Mazandaran,NORTH_CASPIAN,36.237915,53.539406,1237.0,1,83278,11.32995169553184,0.6697819314641744,HIGH,12140,770,752,13.980889621087314,11.0,4.0,20.0,0.2114497528830313,0.1757001647446458,0.2299011532125205,0.271828665568369,0.1111202635914332,0.9494451294697904,1.0,3,ACTIVE_HIGH_DEMAND,1.566757465522365,0.33519541446789564
1183,987,Tehran,NORTH_CENTRAL,35.702908,51.349758,1196.0,0,30084842,17.219532048075525,1.0,VERY_HIGH,45120,811,752,29.5,29.5,14.75,44.25,0.0666666666666666,0.0666666666666666,0.1166666666666666,0.2666666666666666,0.4833333333333333,1.0,1.0,4,VERY_HIGH_DEMAND,1.9095035145787203,0.44414274011499494
1209,289,Razavi Khorasan,EAST,36.482105,59.159492,1433.0,0,2110,7.65491704784832,0.3115264797507788,LOW,972,244,279,8.77880658436214,5.0,2.0,13.0,0.3744855967078189,0.2386831275720164,0.1779835390946502,0.1615226337448559,0.0473251028806584,0.3008631319358816,0.37101063829787234,2,ACTIVE_MEDIUM_DEMAND,1.5333699885742809,0.45157647046278554
1224,987,Tehran,NORTH_CENTRAL,35.4832,51.079914,1038.0,0,25655,10.15253274137299,0.5545171339563862,MEDIUM,8122,760,752,11.724944594927358,7.0,3.0,17.0,0.3108840187146023,0.1946564885496183,0.1987195272100468,0.2070918492982024,0.0886481162275301,0.93711467324291,1.0,3,ACTIVE_HIGH_DEMAND,0.5672635734107238,0.5791803110961117
1239,929,Alborz,NORTH_CENTRAL,35.95195,50.604534,1197.0,0,10876,9.294405747093853,0.454828660436137,MEDIUM,3305,719,739,8.986686838124054,5.0,2.0,12.0,0.4124054462934947,0.2057488653555219,0.172465960665658,0.1543116490166414,0.0550680786686838,0.8865598027127004,0.9827127659574468,3,ACTIVE_HIGH_DEMAND,1.0329073356688552,0.5700438862455108
1265,987,Tehran,NORTH_CENTRAL,35.603191,51.438709,1067.0,0,18225,9.810604425056072,0.5264797507788161,MEDIUM,4475,310,311,14.935418994413409,10.0,4.0,23.0,0.2404469273743016,0.169608938547486,0.1901675977653631,0.250949720670391,0.1488268156424581,0.38224414303329224,0.41356382978723405,3,ACTIVE_HIGH_DEMAND,0.9456470187369008,0.45750076302549025
1297,424,Isfahan,CENTER,33.054802,51.081459,1878.0,0,1533,7.335633981927201,0.292834890965732,LOW,757,244,450,9.039630118890356,6.0,2.0,13.0,0.3672391017173051,0.2100396301188903,0.1968295904887714,0.190224570673712,0.035667107001321,0.3008631319358816,0.598404255319149,3,ACTIVE_HIGH_DEMAND,1.3666818182375557,0.5421768099482649
1299,424,Isfahan,CENTER,32.37582,51.191242,1782.0,0,531395,13.183262784993106,0.8411214953271028,VERY_HIGH,21712,787,752,18.178288504053057,15.0,7.0,27.0,0.1378500368459838,0.1333364038319823,0.2098378776713338,0.3285740604274134,0.1904016212232866,0.9704069050554871,1.0,3,ACTIVE_HIGH_DEMAND,1.901945212492984,0.1610932973416577
1307,149,Mazandaran,NORTH_CASPIAN,37.06598,50.394095,-18.0,1,15261,9.633121357849578,0.4890965732087227,MEDIUM,3997,353,475,16.303227420565424,12.0,5.0,24.0,0.1983987990993244,0.1541155866900175,0.2011508631473605,0.2754565924443332,0.1708781586189642,0.4352651048088779,0.6316489361702128,3,ACTIVE_HIGH_DEMAND,1.4960952509612513,0.2742892776868342
1317,754,Gilan,NORTH_CASPIAN,37.033165,50.337051,43.0,1,34955,10.461845406747434,0.5950155763239875,MEDIUM,7620,749,742,13.816666666666666,10.0,4.0,20.0,0.2431758530183727,0.1855643044619422,0.2099737532808399,0.2339895013123359,0.1272965879265092,0.9235511713933415,0.9867021276595744,3,ACTIVE_HIGH_DEMAND,1.2261449245432248,0.41316802543936
1370,929,Alborz,NORTH_CENTRAL,35.984295,50.741203,1494.0,0,68,4.23410650459726,0.2118380062305296,LOW,55,14,55,14.472727272727273,11.0,3.0,24.5,0.2727272727272727,0.109090909090909,0.1818181818181818,0.2909090909090909,0.1454545454545454,0.01726263871763255,0.07313829787234043,3,ACTIVE_HIGH_DEMAND,1.9301289745549888,0.3541317224972072
1371,289,Razavi Khorasan,EAST,35.278458,59.21302,1362.0,0,18031,9.799903236279558,0.5171339563862928,MEDIUM,6209,743,752,11.93638267031728,8.0,3.0,17.0,0.3034305041069415,0.1829602190368819,0.2085682074408117,0.2100177162183926,0.0950233531969721,0.9161528976572133,1.0,2,ACTIVE_MEDIUM_DEMAND,1.1572748716542873,0.4955473335476462
1402,289,Razavi Khorasan,EAST,35.476524,58.461693,1680.0,0,1178,7.072421900537371,0.2834890965732087,LOW,470,220,316,6.006382978723404,3.0,1.0,8.0,0.5148936170212766,0.2085106382978723,0.1659574468085106,0.0936170212765957,0.0170212765957446,0.2712700369913687,0.42021276595744683,2,ACTIVE_MEDIUM_DEMAND,1.732223580482069,0.2980348245760968
1460,424,Isfahan,CENTER,33.527657,52.217327,996.0,0,22578,10.024775549743328,0.5451713395638629,MEDIUM,6857,617,644,14.547761411696078,10.0,4.0,22.0,0.2356715764911769,0.1715035729911039,0.2021292110252296,0.2504010500218754,0.1402945894706139,0.7607891491985204,0.8563829787234043,3,ACTIVE_HIGH_DEMAND,0.9523499502079449,0.4632058454822217
1494,149,Mazandaran,NORTH_CASPIAN,36.428494,53.135076,172.0,1,2,1.0986122886681098,0.0965732087227414,VERY_LOW,1,1,1,0.0,0.0,0.0,0.0,1.0,0.0,0.0,0.0,0.0,0.0012330456226880395,0.0013297872340425532,1,SPARSE_LOW_DEMAND_B,1.4192847694684612,0.45185772938026586
1496,149,Mazandaran,NORTH_CASPIAN,36.691429,51.262627,-16.0,1,211797,12.263388269234229,0.7757009345794392,HIGH,15738,781,752,15.657008514423689,12.0,5.0,23.0,0.1836319735671623,0.1646969119329012,0.22417079679756,0.2784979031643156,0.1490024145380607,0.9630086313193588,1.0,3,ACTIVE_HIGH_DEMAND,1.4383440683820745,0.26375971855626745
1524,490,Hormozgan,SOUTH,25.883463,55.029854,8.0,1,3269,8.0925452638913,0.3457943925233644,LOW,1359,180,278,16.4289919058131,13.0,6.0,24.0,0.1618837380426784,0.1493745401030169,0.2332597498160412,0.3024282560706401,0.1530537159676232,0.2219482120838471,0.3696808510638298,2,ACTIVE_MEDIUM_DEMAND,3.1356607443962665,0.09878317140667184
1553,149,Mazandaran,NORTH_CASPIAN,36.581875,52.814819,-7.0,1,2,1.0986122886681098,0.0965732087227414,VERY_LOW,1,1,1,0.0,0.0,0.0,0.0,1.0,0.0,0.0,0.0,0.0,0.0012330456226880395,0.0013297872340425532,1,SPARSE_LOW_DEMAND_B,1.445765720670485,0.47701669086821985
1572,289,Razavi Khorasan,EAST,35.6892,51.389,1173.0,0,15126,9.6242365055622,0.4828660436137071,MEDIUM,4435,585,741,15.549267192784669,11.0,5.0,23.0,0.1770011273957158,0.1878241262683201,0.2189402480270575,0.2698985343855693,0.1463359639233371,0.7213316892725031,0.9853723404255319,3,ACTIVE_HIGH_DEMAND,0.8769782938182168,0.4634306892664789
1629,424,Isfahan,CENTER,32.64008,51.500107,1607.0,0,2,1.0986122886681098,0.0965732087227414,VERY_LOW,1,1,1,0.0,0.0,0.0,0.0,1.0,0.0,0.0,0.0,0.0,0.0012330456226880395,0.0013297872340425532,1,SPARSE_LOW_DEMAND_B,0.5658638412346405,0.7142453390597715
1638,149,Mazandaran,NORTH_CASPIAN,36.573074,52.015881,-23.0,1,3152279,14.963636558501843,0.9439252336448598,VERY_HIGH,34888,802,752,24.77605480394405,23.0,11.0,37.0,0.0862187571657876,0.0862187571657876,0.1504242146296721,0.3196801192387067,0.3574581518000458,0.9889025893958077,1.0,4,VERY_HIGH_DEMAND,0.5606501467231902,0.5115510589353627
1668,424,Isfahan,CENTER,31.93313,51.654179,2063.0,0,2605,7.8655717576847906,0.3333333333333333,LOW,1177,393,553,9.34069668649108,5.0,2.0,12.0,0.411214953271028,0.2090059473237043,0.1622769753610875,0.1503823279524214,0.0671197960917587,0.4845869297163995,0.7353723404255319,3,ACTIVE_HIGH_DEMAND,1.60921634137158,0.4790492618002345
1675,149,Mazandaran,NORTH_CASPIAN,36.642227,53.203712,8.0,1,1135,7.035268599281097,0.2803738317757009,LOW,613,247,380,10.461663947797716,6.0,2.0,15.0,0.3882544861337683,0.1778140293637846,0.1810766721044045,0.1680261011419249,0.0848287112561174,0.30456226880394577,0.5053191489361702,3,ACTIVE_HIGH_DEMAND,1.7114596197924103,0.37466705428271435
1751,424,Isfahan,CENTER,32.393505,51.33535,1720.0,0,2,1.0986122886681098,0.0965732087227414,VERY_LOW,1,1,1,0.0,0.0,0.0,0.0,1.0,0.0,0.0,0.0,0.0,0.0012330456226880395,0.0013297872340425532,1,SPARSE_LOW_DEMAND_B,0.6715839691499975,0.7067884589885275
1782,424,Isfahan,CENTER,33.677097,55.007885,923.0,0,16254,9.696155832738006,0.5015576323987538,MEDIUM,3716,674,710,12.721474703982777,8.0,3.0,19.0,0.2766415500538213,0.2015608180839612,0.1924111948331539,0.2179763186221743,0.1114101184068891,0.8310727496917386,0.9441489361702128,2,ACTIVE_MEDIUM_DEMAND,1.6122064872551558,-0.09333826381614892
1859,424,Isfahan,CENTER,32.486511,51.778912,1561.0,0,5569,8.62515033292133,0.3800623052959501,LOW,2265,311,315,10.582781456953642,7.0,2.0,16.0,0.3381898454746136,0.1951434878587196,0.192494481236203,0.2088300220750552,0.0653421633554083,0.3834771886559803,0.41888297872340424,3,ACTIVE_HIGH_DEMAND,1.2927942750195962,0.5121152536329331
1895,424,Isfahan,CENTER,33.504681,51.919071,1652.0,0,57266,10.955479820569012,0.6261682242990654,HIGH,8476,771,752,12.790349221330816,9.0,3.0,19.0,0.2651014629542237,0.1904200094384143,0.2135441245870693,0.227701746106654,0.1032326569136385,0.9506781750924784,1.0,3,ACTIVE_HIGH_DEMAND,0.9688007587270172,0.5201713407740759
1916,987,Tehran,NORTH_CENTRAL,35.556149,52.162872,1726.0,0,15901,9.674200166461429,0.4984423676012461,MEDIUM,5229,730,738,11.705488621151272,8.0,3.0,17.0,0.2989099254159495,0.195639701663798,0.210556511761331,0.2009944540065022,0.0938994071524192,0.9001233045622689,0.9813829787234043,3,ACTIVE_HIGH_DEMAND,0.8382198579788299,0.5527328372840444
1931,424,Isfahan,CENTER,32.302784,52.205208,1569.0,0,2,1.0986122886681098,0.0965732087227414,VERY_LOW,1,1,1,0.0,0.0,0.0,0.0,1.0,0.0,0.0,0.0,0.0,0.0012330456226880395,0.0013297872340425532,1,SPARSE_LOW_DEMAND_B,0.572872892498941,0.6661113035238783
1960,754,Gilan,NORTH_CASPIAN,38.309269,48.863491,-13.0,1,23843,10.079287892339815,0.5514018691588785,MEDIUM,5567,697,715,12.294233878210886,8.0,3.0,18.0,0.277348661756781,0.1925633195617029,0.2105263157894736,0.2189689240165259,0.1005927788755164,0.8594327990135635,0.9507978723404256,3,ACTIVE_HIGH_DEMAND,1.7514223479156719,0.3990032473144942
1986,424,Isfahan,CENTER,33.356579,52.378185,1252.0,0,15387,9.641343263872184,0.4922118380062305,MEDIUM,3636,728,724,9.723872387238725,5.0,1.0,14.0,0.3919141914191419,0.1881188118811881,0.1782178217821782,0.1729922992299229,0.0687568756875687,0.8976572133168927,0.9627659574468085,3,ACTIVE_HIGH_DEMAND,1.1629933178899823,0.5055499432488424
1996,754,Gilan,NORTH_CASPIAN,37.159901,50.216652,-17.0,1,5335,8.58223158759546,0.3769470404984423,LOW,2361,523,653,12.614146548072853,7.0,2.0,18.0,0.3324862346463363,0.182549767047861,0.1795849216433714,0.1689961880559085,0.1363828886065226,0.6448828606658447,0.8683510638297872,3,ACTIVE_HIGH_DEMAND,1.2954049680142625,0.4492200310569068
2028,149,Mazandaran,NORTH_CASPIAN,36.364048,52.735851,64.0,1,52334,10.865420642288983,0.616822429906542,HIGH,7723,763,752,11.892140359963744,8.0,3.0,17.0,0.2824032111873624,0.2005697267901074,0.2158487634338987,0.2168846303250032,0.0842936682636281,0.9408138101109741,1.0,3,ACTIVE_HIGH_DEMAND,1.3102145092962914,0.43832541012387355
2099,490,Hormozgan,SOUTH,26.533424,53.973846,30.0,1,14179586,16.467313953115184,0.9844236760124612,VERY_HIGH,45060,811,752,29.47279183311141,29.0,14.0,44.0,0.0667554371948513,0.0667554371948513,0.1168220150909897,0.2670217487794052,0.4826453617399023,1.0,1.0,4,VERY_HIGH_DEMAND,3.2401199367934566,0.3222779171565416
2101,754,Gilan,NORTH_CASPIAN,37.156036,48.98938,1052.0,1,1293441,14.07281744002037,0.9003115264797508,VERY_HIGH,31660,804,752,23.29090334807328,21.0,10.0,35.0,0.0950094756790903,0.094756790903348,0.1626026531901453,0.3287428932406822,0.318888186986734,0.9913686806411838,1.0,4,VERY_HIGH_DEMAND,1.5859665839041344,0.3378354728312301
2108,289,Razavi Khorasan,EAST,36.708546,57.408157,1075.0,0,2,1.0986122886681098,0.0965732087227414,VERY_LOW,1,1,1,0.0,0.0,0.0,0.0,1.0,0.0,0.0,0.0,0.0,0.0012330456226880395,0.0013297872340425532,0,SPARSE_LOW_DEMAND_A,1.0408845812098435,0.5536250074573779
2126,424,Isfahan,CENTER,32.804607,51.618828,1582.0,0,2,1.0986122886681098,0.0965732087227414,VERY_LOW,1,1,1,0.0,0.0,0.0,0.0,1.0,0.0,0.0,0.0,0.0,0.0012330456226880395,0.0013297872340425532,1,SPARSE_LOW_DEMAND_B,0.5201791130303328,0.7131903528665697
2136,490,Hormozgan,SOUTH,27.217744,53.036396,57.0,1,2,1.0986122886681098,0.0965732087227414,VERY_LOW,1,1,1,0.0,0.0,0.0,0.0,1.0,0.0,0.0,0.0,0.0,0.0012330456226880395,0.0013297872340425532,1,SPARSE_LOW_DEMAND_B,2.1251912672262105,0.37328450395689
2154,424,Isfahan,CENTER,33.447861,52.486664,986.0,0,4537,8.420241665339788,0.3644859813084112,LOW,2304,524,660,11.327256944444445,7.0,3.0,17.0,0.3177083333333333,0.1892361111111111,0.1996527777777778,0.2118055555555555,0.0815972222222222,0.6461159062885327,0.8776595744680851,3,ACTIVE_HIGH_DEMAND,0.9899156469760563,0.5147854018045989
2168,424,Isfahan,CENTER,32.556114,51.573631,1606.0,0,6835,8.829958044235482,0.3987538940809969,LOW,2689,410,603,16.525846039419857,13.0,5.0,25.0,0.1915210115284492,0.1569356638155448,0.194124209743399,0.2815172926738564,0.1759018222387504,0.5055487053020962,0.8018617021276596,3,ACTIVE_HIGH_DEMAND,1.4173253777288992,0.35025522582075175
2195,149,Mazandaran,NORTH_CASPIAN,36.477455,52.355835,87.0,1,775490,13.561251656115529,0.8691588785046729,VERY_HIGH,26933,792,752,20.951917721753983,18.0,8.0,31.0,0.1116474213789774,0.1113132588274607,0.1857201202985185,0.3350536516541046,0.2562655478409386,0.9765721331689272,1.0,4,VERY_HIGH_DEMAND,0.9810646216925243,0.3245155736615483
2302,424,Isfahan,CENTER,31.061466,51.593582,2065.0,0,2,1.0986122886681098,0.0965732087227414,VERY_LOW,1,1,1,0.0,0.0,0.0,0.0,1.0,0.0,0.0,0.0,0.0,0.0012330456226880395,0.0013297872340425532,1,SPARSE_LOW_DEMAND_B,1.001773126554974,0.6369631668565421
2335,424,Isfahan,CENTER,32.626247,51.477116,1612.0,0,478,6.171700597410915,0.2554517133956386,LOW,294,142,223,8.08843537414966,5.0,1.0,11.75,0.4353741496598639,0.2006802721088435,0.1666666666666666,0.1598639455782313,0.0374149659863945,0.17509247842170161,0.29654255319148937,3,ACTIVE_HIGH_DEMAND,1.7601829380073577,0.4244929207505844
2337,490,Hormozgan,SOUTH,26.780315,56.065002,8.0,1,17391,9.763765609360991,0.5109034267912772,MEDIUM,6047,608,693,17.029270712750122,13.0,5.0,26.0,0.2032412766661154,0.1463535637506201,0.1827352406151811,0.2731933190011576,0.1944765999669257,0.749691738594328,0.9215425531914894,2,ACTIVE_MEDIUM_DEMAND,2.634850686965682,0.2039476280190651
2363,149,Mazandaran,NORTH_CASPIAN,36.701763,53.639572,42.0,1,19852,9.896110408197078,0.5327102803738317,MEDIUM,5482,750,743,11.63808828894564,8.0,3.0,17.0,0.2995257205399489,0.1966435607442539,0.2094126231302444,0.2026632615833637,0.0917548340021889,0.9247842170160296,0.988031914893617,3,ACTIVE_HIGH_DEMAND,1.6072649123129206,0.3742047666213927
2406,987,Tehran,NORTH_CENTRAL,35.490189,51.141045,1041.0,0,691,6.539585955617669,0.2647975077881619,LOW,449,180,347,6.848552338530067,4.0,1.0,10.0,0.4721603563474387,0.1893095768374164,0.1759465478841871,0.1603563474387528,0.0022271714922048,0.2219482120838471,0.46143617021276595,3,ACTIVE_HIGH_DEMAND,1.5537414274453032,0.45915583996578563
2423,424,Isfahan,CENTER,32.489532,51.407368,1646.0,0,6259,8.741935464094144,0.3925233644859813,LOW,2638,306,310,11.661106899166034,7.0,3.0,17.0,0.3093252463987869,0.1940864291129643,0.1940864291129643,0.2168309325246399,0.0856709628506444,0.37731196054254007,0.4122340425531915,3,ACTIVE_HIGH_DEMAND,1.2469362496892684,0.529099365884949
2424,289,Razavi Khorasan,EAST,36.548656,61.148602,276.0,0,2,1.0986122886681098,0.0965732087227414,VERY_LOW,1,1,1,0.0,0.0,0.0,0.0,1.0,0.0,0.0,0.0,0.0,0.0012330456226880395,0.0013297872340425532,0,SPARSE_LOW_DEMAND_A,1.364918855319048,0.6626199561501486
2451,987,Tehran,NORTH_CENTRAL,35.210861,51.673183,842.0,0,2,1.0986122886681098,0.0965732087227414,VERY_LOW,1,1,1,0.0,0.0,0.0,0.0,1.0,0.0,0.0,0.0,0.0,0.0012330456226880395,0.0013297872340425532,1,SPARSE_LOW_DEMAND_B,0.693238980105616,0.6599048823115211
2483,490,Hormozgan,SOUTH,26.964176,56.066223,5.0,1,520506,13.162558615553838,0.8348909657320872,VERY_HIGH,27907,796,752,22.688823592647005,20.0,9.0,34.0,0.1053140789049342,0.1037732468556276,0.1666965277528935,0.313218905650912,0.3109972408356326,0.9815043156596794,1.0,4,VERY_HIGH_DEMAND,3.2897998651128275,0.059534885477029655
2575,289,Razavi Khorasan,EAST,36.351257,56.87804,916.0,0,2,1.0986122886681098,0.0965732087227414,VERY_LOW,1,1,1,0.0,0.0,0.0,0.0,1.0,0.0,0.0,0.0,0.0,0.0012330456226880395,0.0013297872340425532,0,SPARSE_LOW_DEMAND_A,1.191366401509245,0.4579877442010547
2587,754,Gilan,NORTH_CASPIAN,37.195675,50.147427,-19.0,1,433173,12.978894773840572,0.822429906542056,VERY_HIGH,22498,793,752,19.053515868077163,16.0,7.0,28.0,0.1328562538892346,0.1288114499066583,0.2005956084985332,0.3262512223308738,0.2114854653746999,0.9778051787916153,1.0,4,VERY_HIGH_DEMAND,1.6726349301425123,0.10174022224276882
2642,490,Hormozgan,SOUTH,27.203939,53.042725,61.0,1,299903,12.611217702427412,0.7975077881619937,HIGH,19435,774,752,21.152868536146126,18.0,8.0,32.0,0.1270388474401852,0.1161306920504244,0.17808078209416,0.3029071263184975,0.2758425520967327,0.9543773119605425,1.0,4,VERY_HIGH_DEMAND,2.626304264958879,0.14362960965648375
2668,424,Isfahan,CENTER,33.419891,51.183338,1980.0,0,116,4.762173934797756,0.2211838006230529,LOW,66,33,55,5.96969696969697,3.5,1.0,10.0,0.5,0.1969696969696969,0.1969696969696969,0.106060606060606,0.0,0.040690505548705305,0.07313829787234043,3,ACTIVE_HIGH_DEMAND,2.2473598145120426,0.30268676088376795
2670,424,Isfahan,CENTER,33.97245,51.148911,1641.0,0,63222,11.054423437981288,0.6386292834890965,HIGH,7790,754,746,12.899486521181002,9.0,3.0,19.0,0.2643132220795892,0.1861360718870346,0.204364569961489,0.2405648267008986,0.1046213093709884,0.9297163995067818,0.9920212765957447,3,ACTIVE_HIGH_DEMAND,0.8080728273749173,0.5343441057319369
2692,754,Gilan,NORTH_CASPIAN,38.38718,48.869247,-24.0,1,1186769,13.986745889020662,0.8909657320872274,VERY_HIGH,28057,800,752,21.903909897708235,19.0,9.0,33.0,0.1067826210927754,0.1051431015432868,0.1757850090886409,0.3279751933563816,0.2843140749189151,0.9864364981504316,1.0,4,VERY_HIGH_DEMAND,1.8297335998742361,0.27733721793254307
2728,490,Hormozgan,SOUTH,26.807442,53.374735,5.0,1,33547,10.420732528104304,0.5825545171339563,MEDIUM,6791,433,466,20.33190988072449,17.0,8.0,30.0,0.1279634810778972,0.1191282579885142,0.1936386393756442,0.3139449271094095,0.2453246944485348,0.5339087546239211,0.6196808510638298,4,VERY_HIGH_DEMAND,3.0157543601354773,0.05552715143371594
2730,929,Alborz,NORTH_CENTRAL,35.72459,50.361477,1162.0,0,1923,7.562161631225652,0.3052959501557632,LOW,1014,227,308,10.635108481262328,7.0,2.0,16.0,0.363905325443787,0.1676528599605522,0.1893491124260355,0.2051282051282051,0.0739644970414201,0.279901356350185,0.4095744680851064,3,ACTIVE_HIGH_DEMAND,1.0981493601691092,0.5419339726953307
2751,754,Gilan,NORTH_CASPIAN,36.741299,49.418541,373.0,1,30990,10.341452118734878,0.573208722741433,MEDIUM,7223,765,752,10.888412017167385,7.0,2.0,16.0,0.3205039457289215,0.2000553786515298,0.1993631455074068,0.2101619825557247,0.069915547556417,0.9432799013563502,1.0,3,ACTIVE_HIGH_DEMAND,1.3291528736413716,0.4827560178879963
2778,754,Gilan,NORTH_CASPIAN,37.202393,50.010818,8.0,1,3083669,14.941631004048984,0.940809968847352,VERY_HIGH,37260,806,752,25.79420289855073,24.0,12.0,39.0,0.0807300053676865,0.0807300053676865,0.1410359634997316,0.3105475040257649,0.3869565217391304,0.9938347718865598,1.0,4,VERY_HIGH_DEMAND,1.2118626569977802,0.48361041500603824
2852,754,Gilan,NORTH_CASPIAN,37.937489,48.916237,-9.0,1,31495,10.357615832623573,0.5763239875389408,MEDIUM,6812,716,737,13.475337639459775,9.0,4.0,19.0,0.2475044039929536,0.1895184967704051,0.2160892542571932,0.229301233118027,0.117586611861421,0.8828606658446363,0.9800531914893617,3,ACTIVE_HIGH_DEMAND,1.7076670552099344,0.37896149475008134
2854,754,Gilan,NORTH_CASPIAN,37.089626,49.421825,56.0,1,18149,9.806425839692997,0.5233644859813084,MEDIUM,4479,696,721,11.038847957133289,7.0,2.0,16.0,0.3219468631390935,0.1913373520875195,0.20785889707524,0.1991515963384684,0.0797052913596784,0.8581997533908755,0.9587765957446809,3,ACTIVE_HIGH_DEMAND,1.4099002229693303,0.4715331057279048
2894,149,Mazandaran,NORTH_CASPIAN,36.598782,52.662739,-7.0,1,2,1.0986122886681098,0.0965732087227414,VERY_LOW,1,1,1,0.0,0.0,0.0,0.0,1.0,0.0,0.0,0.0,0.0,0.0012330456226880395,0.0013297872340425532,1,SPARSE_LOW_DEMAND_B,1.4285805127529516,0.4907730661548696
2908,987,Tehran,NORTH_CENTRAL,35.415794,51.586674,960.0,0,2,1.0986122886681098,0.0965732087227414,VERY_LOW,1,1,1,0.0,0.0,0.0,0.0,1.0,0.0,0.0,0.0,0.0,0.0012330456226880395,0.0013297872340425532,1,SPARSE_LOW_DEMAND_B,0.7401348492510867,0.6612694159615379
2949,987,Tehran,NORTH_CENTRAL,35.633015,51.059704,1127.0,0,2923017,14.888127202131214,0.9345794392523364,VERY_HIGH,36403,807,752,25.29516798066093,24.0,12.0,38.0,0.0826305524269977,0.0826305524269977,0.1445485262203664,0.3195615745955004,0.3706287943301376,0.9950678175092479,1.0,4,VERY_HIGH_DEMAND,1.122033853811969,0.43047778089725725
2951,289,Razavi Khorasan,EAST,35.959579,57.770226,1359.0,0,2,1.0986122886681098,0.0965732087227414,VERY_LOW,1,1,1,0.0,0.0,0.0,0.0,1.0,0.0,0.0,0.0,0.0,0.0012330456226880395,0.0013297872340425532,0,SPARSE_LOW_DEMAND_A,0.7870810506166145,0.6221597606000521
2969,987,Tehran,NORTH_CENTRAL,35.742348,51.821407,1793.0,0,149434,11.91461679465882,0.7414330218068536,HIGH,17586,761,752,16.948254293187762,13.0,6.0,25.0,0.1693392471283976,0.1546684862959172,0.2090867735698851,0.2900034118048447,0.1769020812009553,0.938347718865598,1.0,3,ACTIVE_HIGH_DEMAND,1.3485927265548816,0.30906735796441753
2992,149,Mazandaran,NORTH_CASPIAN,36.635235,52.626736,-15.0,1,300,5.707110264748875,0.2429906542056074,LOW,190,81,133,10.452631578947368,4.0,1.0,17.0,0.4789473684210526,0.131578947368421,0.0894736842105263,0.1894736842105263,0.1105263157894736,0.0998766954377312,0.1768617021276596,3,ACTIVE_HIGH_DEMAND,2.386275169696524,0.19622021040923496
3042,424,Isfahan,CENTER,33.450951,50.283363,1819.0,0,94633,11.4577720985022,0.6884735202492211,HIGH,12796,773,752,14.755939356048763,11.0,4.0,22.0,0.2070178180681463,0.1742732103782432,0.219521725539231,0.2680525164113785,0.1311347296030009,0.9531442663378545,1.0,3,ACTIVE_HIGH_DEMAND,1.2307525892390063,0.4372893953236094
3109,289,Razavi Khorasan,EAST,35.585835,58.878971,1877.0,0,2,1.0986122886681098,0.0965732087227414,VERY_LOW,1,1,1,0.0,0.0,0.0,0.0,1.0,0.0,0.0,0.0,0.0,0.0012330456226880395,0.0013297872340425532,0,SPARSE_LOW_DEMAND_A,0.6548880022414753,0.7049501704358045
3124,754,Gilan,NORTH_CASPIAN,37.382153,49.651844,-18.0,1,259206,12.465382249268435,0.7850467289719626,HIGH,16739,776,752,16.3751717545851,13.0,5.0,24.0,0.1721130294521775,0.155505107832009,0.2193082024015771,0.2902801840014338,0.1627934763128024,0.9568434032059187,1.0,3,ACTIVE_HIGH_DEMAND,1.7798883645240349,0.19028964018066805
3127,754,Gilan,NORTH_CASPIAN,36.631256,49.514771,389.0,1,2,1.0986122886681098,0.0965732087227414,VERY_LOW,1,1,1,0.0,0.0,0.0,0.0,1.0,0.0,0.0,0.0,0.0,0.0012330456226880395,0.0013297872340425532,1,SPARSE_LOW_DEMAND_B,1.745958942749239,0.5768330738261546
3140,929,Alborz,NORTH_CENTRAL,36.172997,50.76849,1818.0,0,394269,12.88479123277132,0.8099688473520249,VERY_HIGH,22056,792,752,19.106229597388467,16.0,7.0,28.0,0.1355640188610808,0.1297152702212549,0.201487123685165,0.3127493652520856,0.2204842219804134,0.9765721331689272,1.0,3,ACTIVE_HIGH_DEMAND,1.8323991952859817,0.07363216692782115
3217,987,Tehran,NORTH_CENTRAL,35.727848,51.868832,1725.0,0,148892,11.91098320614997,0.735202492211838,HIGH,15807,786,752,15.517745302713989,12.0,5.0,23.0,0.1873220724995255,0.1675207186689441,0.2197127854747896,0.2798760043018916,0.1455684190548491,0.969173859432799,1.0,3,ACTIVE_HIGH_DEMAND,1.1818084346825066,0.3959567948443745
3312,987,Tehran,NORTH_CENTRAL,35.687393,51.022392,1192.0,0,52513,10.868835079697146,0.6230529595015576,HIGH,12658,772,752,13.845236214251855,10.0,4.0,21.0,0.2253910570390267,0.1798072365302575,0.2202559646073629,0.2630747353452362,0.1114710064781166,0.9519112207151664,1.0,3,ACTIVE_HIGH_DEMAND,0.7721063538639458,0.509969467396547
3333,149,Mazandaran,NORTH_CASPIAN,36.695541,53.534641,6.0,1,607852,13.317688355399907,0.8504672897196262,VERY_HIGH,26898,804,752,21.03728901777084,18.0,9.0,31.0,0.1117183433712543,0.1103799538999182,0.1844003271618707,0.3328128485389248,0.2606885270280318,0.9913686806411838,1.0,4,VERY_HIGH_DEMAND,1.2774315743289386,0.2945535081231383
3351,424,Isfahan,CENTER,32.378216,51.273262,1735.0,0,1951,7.576609766973037,0.308411214953271,LOW,991,247,256,9.259334006054493,6.0,2.0,13.0,0.3410696266397578,0.2159434914228052,0.2159434914228052,0.1907164480322906,0.036326942482341,0.30456226880394577,0.3404255319148936,3,ACTIVE_HIGH_DEMAND,1.547927248087323,0.5016661847938788
3364,929,Alborz,NORTH_CENTRAL,36.031448,51.173874,1933.0,0,14338,9.57073837671504,0.470404984423676,MEDIUM,4156,737,743,10.305822906641,6.0,2.0,14.0,0.3736766121270452,0.2059672762271414,0.18334937439846,0.1576034648700673,0.0794032723772858,0.9087546239210851,0.988031914893617,3,ACTIVE_HIGH_DEMAND,0.9908802573649297,0.5640823325895551
3365,987,Tehran,NORTH_CENTRAL,35.73761,51.910423,1831.0,0,1033543,13.848504230976143,0.881619937694704,VERY_HIGH,26772,800,752,20.91674137158225,18.0,8.0,31.0,0.1123188405797101,0.1120200209173763,0.1871731659943224,0.3316151202749141,0.2568728522336769,0.9864364981504316,1.0,4,VERY_HIGH_DEMAND,1.519702759461807,0.1331602310865484
3382,149,Mazandaran,NORTH_CASPIAN,36.174187,53.266922,708.0,1,7649,8.942460926820582,0.411214953271028,MEDIUM,2638,610,642,9.30401819560273,6.0,2.0,13.0,0.3635329795299469,0.2115238817285822,0.2031842304776345,0.1717210007581501,0.0500379075056861,0.752157829839704,0.8537234042553191,3,ACTIVE_HIGH_DEMAND,1.4109137862177723,0.4186230720515396
3396,289,Razavi Khorasan,EAST,35.282082,59.522121,1371.0,0,1039,6.946975992135418,0.2710280373831775,LOW,408,150,256,10.080882352941176,7.0,2.0,15.25,0.3480392156862745,0.1813725490196078,0.196078431372549,0.2205882352941176,0.0539215686274509,0.18495684340320592,0.3404255319148936,2,ACTIVE_MEDIUM_DEMAND,1.3761918777033462,0.4642459273482248
3456,289,Razavi Khorasan,EAST,35.260281,57.97205,985.0,0,1477,7.298445101508147,0.2897196261682243,LOW,577,168,263,12.76949740034662,6.0,2.0,19.0,0.3934142114384749,0.1785095320623916,0.1334488734835355,0.1351819757365684,0.1594454072790294,0.20715166461159062,0.3497340425531915,2,ACTIVE_MEDIUM_DEMAND,1.3712315323766024,0.37073239367283833
3478,149,Mazandaran,NORTH_CASPIAN,36.670204,52.762276,-18.0,1,15505,9.648982324778904,0.4953271028037383,MEDIUM,4516,709,726,11.133746678476529,7.0,2.0,16.0,0.3394596988485385,0.2003985828166519,0.1786979627989371,0.1928697962798937,0.0885739592559787,0.87422934648582,0.9654255319148937,3,ACTIVE_HIGH_DEMAND,1.3550547900279566,0.44445908969134046
3523,149,Mazandaran,NORTH_CASPIAN,36.81514,50.874363,-16.0,1,3859087,15.165941444094942,0.9532710280373832,VERY_HIGH,39227,803,752,26.90713029291049,26.0,13.0,41.0,0.0766818772784051,0.0766818772784051,0.1338618808473755,0.2965559436102684,0.4162184209855457,0.9901356350184957,1.0,4,VERY_HIGH_DEMAND,1.1102569171593686,0.5183833424565436
3578,149,Mazandaran,NORTH_CASPIAN,36.68581,52.90699,-16.0,1,2,1.0986122886681098,0.0965732087227414,VERY_LOW,1,1,1,0.0,0.0,0.0,0.0,1.0,0.0,0.0,0.0,0.0,0.0012330456226880395,0.0013297872340425532,1,SPARSE_LOW_DEMAND_B,1.4836793859541832,0.46319384646726175
3617,987,Tehran,NORTH_CENTRAL,35.42234,51.785919,1048.0,0,1831,7.513163545234075,0.2990654205607476,LOW,943,399,502,6.534464475079534,3.0,1.0,9.0,0.5259809119830329,0.1845174973488865,0.1484623541887592,0.1134676564156945,0.0275715800636267,0.4919852034525277,0.6675531914893617,3,ACTIVE_HIGH_DEMAND,1.598070300723695,0.41746585497035843
3723,490,Hormozgan,SOUTH,26.547533,54.888924,0.0,1,43340,10.676854348197493,0.6043613707165109,HIGH,11964,756,752,16.254597124707455,13.0,5.0,25.0,0.200016716817118,0.1490304246071548,0.202440655299231,0.2810932798395185,0.1674189234369776,0.9321824907521579,1.0,2,ACTIVE_MEDIUM_DEMAND,2.9641041097090497,0.07994071359215899
3752,490,Hormozgan,SOUTH,27.358379,57.174626,177.0,1,2,1.0986122886681098,0.0965732087227414,VERY_LOW,1,1,1,0.0,0.0,0.0,0.0,1.0,0.0,0.0,0.0,0.0,0.0012330456226880395,0.0013297872340425532,0,SPARSE_LOW_DEMAND_A,2.4951857389711805,0.1982327096691953
3771,754,Gilan,NORTH_CASPIAN,37.300159,49.218632,27.0,1,8717,9.073145132798338,0.4299065420560747,MEDIUM,3073,572,719,11.125935567849009,7.0,3.0,15.0,0.3159778717865278,0.2095671981776765,0.2059876342336479,0.1832085909534656,0.085258704848682,0.7053020961775586,0.9561170212765957,3,ACTIVE_HIGH_DEMAND,1.5208980253665403,0.46439560265628427
3832,424,Isfahan,CENTER,32.715111,52.432518,1780.0,0,3912,8.272059622210412,0.3613707165109034,LOW,2301,530,694,12.099521946979577,7.0,2.0,18.0,0.3385484571925249,0.1864406779661017,0.1707953063885267,0.1894828335506301,0.1147327249022164,0.6535141800246609,0.9228723404255319,3,ACTIVE_HIGH_DEMAND,1.2611641408737901,0.483476883790977
3837,424,Isfahan,CENTER,33.689751,52.011265,991.0,0,8683,9.069237530998182,0.4267912772585669,MEDIUM,2521,596,660,10.875446251487505,6.0,2.0,15.0,0.3447044823482745,0.2015073383577945,0.1959539865132883,0.1630305434351447,0.0948036493454978,0.7348951911220715,0.8776595744680851,3,ACTIVE_HIGH_DEMAND,0.8907371893383249,0.5589761815245071
3870,754,Gilan,NORTH_CASPIAN,37.150627,50.176182,-8.0,1,9240,9.13140538388804,0.4361370716510903,MEDIUM,3698,652,718,11.72796106003245,7.0,3.0,17.0,0.3012439156300703,0.2020010816657652,0.2074094104921579,0.1944294213088155,0.0949161709031909,0.8039457459926017,0.9547872340425532,3,ACTIVE_HIGH_DEMAND,1.2402804204918119,0.48668551589178205
3892,149,Mazandaran,NORTH_CASPIAN,36.601292,52.139378,-19.0,1,669723,13.414620966197928,0.8566978193146417,VERY_HIGH,23236,795,752,19.24401790325357,16.0,7.0,28.0,0.1290239283869857,0.1271303150284042,0.2022723360302978,0.3232914443105525,0.2182819762437597,0.9802712700369913,1.0,4,VERY_HIGH_DEMAND,1.3635294141412977,0.17224745509162492
3914,987,Tehran,NORTH_CENTRAL,35.953618,51.49081,2091.0,0,167505,12.028774450501228,0.7507788161993769,HIGH,14806,779,752,14.98973389166554,11.0,5.0,22.0,0.1976225854383358,0.1730379575847629,0.2245035796298797,0.2704309063893016,0.1344049709577198,0.9605425400739828,1.0,3,ACTIVE_HIGH_DEMAND,1.1935595853489815,0.42974495503787763
3927,424,Isfahan,CENTER,32.556267,51.50629,1611.0,0,5873,8.678291111758565,0.3831775700934579,LOW,2145,549,669,9.38088578088578,6.0,2.0,13.0,0.3710955710955711,0.2088578088578088,0.2041958041958042,0.1585081585081585,0.0573426573426573,0.6769420468557337,0.8896276595744681,3,ACTIVE_HIGH_DEMAND,1.2070313139943452,0.5465404362701265
3933,149,Mazandaran,NORTH_CASPIAN,36.06636,52.837914,1678.0,1,102510,11.537725388875703,0.7009345794392523,HIGH,12379,777,752,14.89684142499394,11.0,5.0,22.0,0.1939575086840617,0.168349624363842,0.225704822683577,0.281686727522417,0.1303013167461022,0.9580764488286067,1.0,3,ACTIVE_HIGH_DEMAND,1.424587380370176,0.3389725210893886
3935,289,Razavi Khorasan,EAST,34.983292,60.318756,1294.0,0,2,1.0986122886681098,0.0965732087227414,VERY_LOW,1,1,1,0.0,0.0,0.0,0.0,1.0,0.0,0.0,0.0,0.0,0.0012330456226880395,0.0013297872340425532,0,SPARSE_LOW_DEMAND_A,0.7248792205611363,0.7407928129322255
4078,289,Razavi Khorasan,EAST,36.13649,59.027069,1348.0,0,2,1.0986122886681098,0.0965732087227414,VERY_LOW,1,1,1,0.0,0.0,0.0,0.0,1.0,0.0,0.0,0.0,0.0,0.0012330456226880395,0.0013297872340425532,0,SPARSE_LOW_DEMAND_A,0.5760133062912884,0.7377112474380493
4125,987,Tehran,NORTH_CENTRAL,35.571861,51.087383,1092.0,0,2850,7.955425088912672,0.3395638629283489,LOW,1319,489,603,8.787717968157695,5.0,1.0,13.0,0.44275966641395,0.1690674753601213,0.1622441243366186,0.1834723275208491,0.0424564063684609,0.6029593094944513,0.8018617021276596,3,ACTIVE_HIGH_DEMAND,1.0496743026567708,0.5679247076090148
4138,424,Isfahan,CENTER,32.394131,51.385895,1702.0,0,10342,9.244065241377804,0.4454828660436137,MEDIUM,3710,709,736,9.734501347708894,6.0,2.0,13.0,0.3797843665768194,0.2172506738544474,0.1762803234501347,0.1582210242587601,0.0684636118598382,0.87422934648582,0.9787234042553191,3,ACTIVE_HIGH_DEMAND,1.289040011992474,0.5405019169453694
4161,754,Gilan,NORTH_CASPIAN,37.179142,49.697716,28.0,1,152557,11.935300130592143,0.7445482866043613,HIGH,13813,780,752,15.34894664446536,11.0,5.0,23.0,0.2038659234054876,0.1721566640121624,0.2159559834938101,0.2596829074060667,0.148338521682473,0.9617755856966708,1.0,3,ACTIVE_HIGH_DEMAND,1.5447011775404351,0.3102211897987012
4174,149,Mazandaran,NORTH_CASPIAN,36.416595,52.656513,36.0,1,429,6.063785208687608,0.2523364485981308,LOW,295,102,175,10.898305084745765,5.0,2.0,12.5,0.4135593220338983,0.2033898305084746,0.1559322033898305,0.1084745762711864,0.1186440677966101,0.12577065351418001,0.2327127659574468,3,ACTIVE_HIGH_DEMAND,1.993600692761561,0.3691534526810738
4192,754,Gilan,NORTH_CASPIAN,37.362389,49.861843,-14.0,1,30074,10.31144954084288,0.5700934579439252,MEDIUM,7008,747,747,12.989583333333334,9.0,3.0,19.0,0.2656963470319635,0.1863584474885844,0.2096175799086758,0.2311643835616438,0.1071632420091324,0.9210850801479655,0.9933510638297872,3,ACTIVE_HIGH_DEMAND,1.3504463090829228,0.4306043195135862
4198,754,Gilan,NORTH_CASPIAN,36.776726,49.752411,1161.0,1,34573,10.450857233482733,0.5887850467289719,MEDIUM,6154,738,736,11.413877153071171,8.0,3.0,16.0,0.2879428014299642,0.2083197920051998,0.2107572310692232,0.2149821254468638,0.0779980500487487,0.9099876695437731,0.9787234042553191,3,ACTIVE_HIGH_DEMAND,1.1388166921825988,0.49828763116237973
4235,754,Gilan,NORTH_CASPIAN,37.151093,49.872372,47.0,1,563733,13.242337788021544,0.8473520249221184,VERY_HIGH,23999,794,752,19.62385932747198,17.0,8.0,29.0,0.1242968457019042,0.1216300679194966,0.1963831826326097,0.3301387557814909,0.2275511479644985,0.9790382244143033,1.0,4,VERY_HIGH_DEMAND,1.5992435116730663,0.1732430168005777
4247,149,Mazandaran,NORTH_CASPIAN,36.201221,51.806103,2068.0,1,26220,10.174315895415749,0.5607476635514018,MEDIUM,6221,708,723,12.087445748271982,8.0,3.0,17.0,0.2610512779295933,0.2062369393988105,0.2279376306060118,0.2136312489953383,0.0911429030702459,0.872996300863132,0.961436170212766,3,ACTIVE_HIGH_DEMAND,1.1114038775526365,0.4928609423952417
4252,754,Gilan,NORTH_CASPIAN,37.302834,49.320122,3.0,1,261608,12.474606301643112,0.7881619937694704,HIGH,17691,782,752,17.25544061952405,14.0,6.0,26.0,0.1635294782657848,0.1499632581538635,0.2106155672375784,0.2916172064891753,0.1842744898535978,0.9642416769420469,1.0,3,ACTIVE_HIGH_DEMAND,1.9291528746739621,0.10931269962669393
4324,149,Mazandaran,NORTH_CASPIAN,36.088931,52.921852,903.0,1,4501305,15.319878134856449,0.9595015576323987,VERY_HIGH,37630,806,752,25.8681371246346,25.0,12.0,39.0,0.079936221100186,0.079936221100186,0.1398352378421472,0.3108424129683763,0.3894499069891044,0.9938347718865598,1.0,4,VERY_HIGH_DEMAND,0.9443827077620048,0.4899022381729085
4353,490,Hormozgan,SOUTH,25.643616,57.774564,6.0,1,8581,9.05742226555147,0.4236760124610592,MEDIUM,3854,596,738,14.582252205500778,10.0,3.0,22.0,0.2597301504929943,0.1530877010897768,0.1933056564608199,0.2501297353399065,0.1437467566165023,0.7348951911220715,0.9813829787234043,2,ACTIVE_MEDIUM_DEMAND,2.552147714207391,0.3172444758448185
4380,929,Alborz,NORTH_CENTRAL,35.748386,50.940781,1238.0,0,7391,8.90815361332152,0.4049844236760124,MEDIUM,3381,685,720,9.205264714581483,6.0,2.0,13.0,0.3623188405797101,0.2120674356699201,0.2076308784383318,0.168293404318249,0.0496894409937888,0.8446362515413071,0.9574468085106383,3,ACTIVE_HIGH_DEMAND,0.846165199168119,0.591939053914567
4396,929,Alborz,NORTH_CENTRAL,35.889408,50.614883,1188.0,0,1098,7.002155954403621,0.2772585669781931,LOW,536,187,308,11.833955223880595,6.0,2.0,16.0,0.3917910447761194,0.1847014925373134,0.1511194029850746,0.1473880597014925,0.125,0.23057953144266338,0.4095744680851064,3,ACTIVE_HIGH_DEMAND,1.3421458714905765,0.506634700451936
4397,424,Isfahan,CENTER,34.058197,51.482487,914.0,0,20050,9.906034306802704,0.5358255451713395,MEDIUM,3741,720,730,10.047848168938788,6.0,2.0,14.0,0.3547179898422881,0.1994119219460037,0.2012830793905373,0.1823041967388398,0.0622828120823309,0.8877928483353884,0.9707446808510638,3,ACTIVE_HIGH_DEMAND,0.8112794349044484,0.5812831236256171
4404,289,Razavi Khorasan,EAST,34.975067,59.623047,1151.0,0,2,1.0986122886681098,0.0965732087227414,VERY_LOW,1,1,1,0.0,0.0,0.0,0.0,1.0,0.0,0.0,0.0,0.0,0.0012330456226880395,0.0013297872340425532,0,SPARSE_LOW_DEMAND_A,0.404505157411288,0.7526881691600413
4419,289,Razavi Khorasan,EAST,36.207928,58.794029,1196.0,0,282448,12.551253282297504,0.794392523364486,HIGH,20289,787,752,18.17911183399872,15.0,6.0,27.0,0.1463354527083641,0.1377100892109024,0.2074030262703928,0.3120902952338705,0.19646113657647,0.9704069050554871,1.0,2,ACTIVE_MEDIUM_DEMAND,2.038612750154955,0.35015386551782196
4516,490,Hormozgan,SOUTH,26.733498,54.273415,5.0,1,11041,9.30946146284399,0.4610591900311526,MEDIUM,4214,629,696,14.46203132415757,10.0,3.0,23.0,0.2631703844328429,0.1537731371618415,0.1822496440436639,0.2584242999525392,0.1423825344091124,0.7755856966707768,0.925531914893617,2,ACTIVE_MEDIUM_DEMAND,2.9313057005159275,0.014324358720057448
4541,754,Gilan,NORTH_CASPIAN,37.133598,49.367928,76.0,1,2641,7.879291485082271,0.3364485981308411,LOW,1139,345,500,10.039508340649691,6.0,2.0,15.0,0.37928007023705,0.2080772607550483,0.160667251975417,0.1782265144863915,0.073748902546093,0.4254007398273736,0.6648936170212766,3,ACTIVE_HIGH_DEMAND,1.6257340591079992,0.4634909958197632
4609,929,Alborz,NORTH_CENTRAL,35.838154,50.847981,1250.0,0,409752,12.923309818116795,0.8161993769470405,VERY_HIGH,17795,783,752,16.29884799100871,13.0,6.0,24.0,0.1683057038493959,0.1570103961787018,0.223770722112953,0.2946895195279573,0.1562236583309918,0.9654747225647349,1.0,3,ACTIVE_HIGH_DEMAND,1.2905574686172017,0.32867550818672064
4611,289,Razavi Khorasan,EAST,36.27899,59.34059,1416.0,0,5999,8.699514748210191,0.3862928348909657,LOW,1270,250,267,10.01732283464567,6.0,2.0,15.0,0.3606299212598425,0.1905511811023622,0.1874015748031496,0.2039370078740157,0.0574803149606299,0.3082614056720099,0.3550531914893617,2,ACTIVE_MEDIUM_DEMAND,1.4170882390619082,0.4751109830692636
4655,149,Mazandaran,NORTH_CASPIAN,36.699024,51.199955,-5.0,1,5489632,15.518371962435202,0.9626168224299064,VERY_HIGH,41087,809,752,27.59770730401344,27.0,13.0,41.0,0.0732105045391486,0.0732105045391486,0.1281183829435101,0.2904568354954122,0.4350037724827804,0.9975339087546239,1.0,4,VERY_HIGH_DEMAND,1.2130153406371846,0.5210330639117846
4684,424,Isfahan,CENTER,32.905769,51.80904,1580.0,0,2,1.0986122886681098,0.0965732087227414,VERY_LOW,1,1,1,0.0,0.0,0.0,0.0,1.0,0.0,0.0,0.0,0.0,0.0012330456226880395,0.0013297872340425532,1,SPARSE_LOW_DEMAND_B,0.49113621266098717,0.7048520499682048
4729,987,Tehran,NORTH_CENTRAL,35.526245,51.403061,1018.0,0,2,1.0986122886681098,0.0965732087227414,VERY_LOW,1,1,1,0.0,0.0,0.0,0.0,1.0,0.0,0.0,0.0,0.0,0.0012330456226880395,0.0013297872340425532,1,SPARSE_LOW_DEMAND_B,0.7901349542370912,0.6641309691022816
4756,149,Mazandaran,NORTH_CASPIAN,36.570366,51.968861,-20.0,1,838348,13.639189760546014,0.8785046728971962,VERY_HIGH,23936,794,752,19.55205548128342,16.0,8.0,29.0,0.125543114973262,0.1241644385026738,0.2011196524064171,0.3239889705882353,0.2251838235294117,0.9790382244143033,1.0,4,VERY_HIGH_DEMAND,1.3046013528671694,0.19586763961368936
4791,754,Gilan,NORTH_CASPIAN,37.2257,49.311001,31.0,1,2405470,14.6932562843433,0.9221183800623052,VERY_HIGH,33417,804,752,24.169255169524494,22.0,11.0,36.0,0.090014064697609,0.0899841398090792,0.1550109225843133,0.3219319508034832,0.3430589221055151,0.9913686806411838,1.0,4,VERY_HIGH_DEMAND,1.3909881324030062,0.4186001889036437
4797,987,Tehran,NORTH_CENTRAL,35.596375,51.304565,1086.0,0,3,1.3862943611198906,0.1931464174454828,VERY_LOW,2,2,2,0.0,0.0,0.0,0.0,1.0,0.0,0.0,0.0,0.0,0.002466091245376079,0.0026595744680851063,1,SPARSE_LOW_DEMAND_B,0.8230021788754912,0.6634927716822169
4820,289,Razavi Khorasan,EAST,35.24276,58.459881,1054.0,0,16473,9.709538659501192,0.5046728971962616,MEDIUM,5383,739,751,11.20230354820732,7.0,3.0,16.0,0.3146944083224967,0.1972877577558981,0.2078766487088983,0.1950585175552665,0.08508266765744,0.9112207151664612,0.9986702127659575,2,ACTIVE_MEDIUM_DEMAND,0.9693316611086175,0.4619374778154601
4879,987,Tehran,NORTH_CENTRAL,35.51601,51.162189,1054.0,0,7433,8.913819350857198,0.4080996884735202,MEDIUM,1289,401,417,10.38867339022498,6.0,2.0,15.0,0.3537626066718386,0.1947245927075252,0.1900698215671062,0.1892940263770364,0.0721489526764934,0.49445129469790383,0.5545212765957447,3,ACTIVE_HIGH_DEMAND,0.7627874931640618,0.5847133236228654
4933,754,Gilan,NORTH_CASPIAN,37.110168,50.113869,41.0,1,14464,9.579487217410236,0.4766355140186916,MEDIUM,4767,687,725,12.120411160058737,8.0,3.0,17.0,0.2800503461296413,0.1908957415565345,0.2150199286763163,0.2185861128592406,0.0954478707782672,0.8471023427866831,0.964095744680851,3,ACTIVE_HIGH_DEMAND,1.2212963617548749,0.47365314312797063
4946,424,Isfahan,CENTER,32.704403,51.153179,1844.0,0,4952,8.507748732588238,0.367601246105919,LOW,2103,587,685,10.611507370423205,6.0,2.0,15.0,0.3699476937708036,0.1868758915834522,0.178792201616738,0.1806942463147884,0.0836899667142177,0.7237977805178791,0.910904255319149,3,ACTIVE_HIGH_DEMAND,1.1451160014826756,0.5548557565381006
4973,929,Alborz,NORTH_CENTRAL,35.744541,51.068855,1234.0,0,33520,10.419927387086586,0.5794392523364486,MEDIUM,9132,777,752,13.134472185720544,9.0,3.0,20.0,0.2609505037231712,0.1836399474375821,0.2070740254051686,0.2393780113885238,0.1089575120455541,0.9580764488286067,1.0,3,ACTIVE_HIGH_DEMAND,0.616098700943095,0.5435304440610462
4981,987,Tehran,NORTH_CENTRAL,35.901733,51.519836,1872.0,0,499237,13.12083821493511,0.8255451713395638,VERY_HIGH,23989,798,752,19.544499562299382,17.0,8.0,29.0,0.1253908041185543,0.124015173621243,0.199633165200717,0.3262745424986452,0.2246863145608403,0.9839704069050554,1.0,4,VERY_HIGH_DEMAND,1.7463029966335437,-0.018853622848268782
4994,424,Isfahan,CENTER,32.379417,51.564823,1657.0,0,2,1.0986122886681098,0.0965732087227414,VERY_LOW,1,1,1,0.0,0.0,0.0,0.0,1.0,0.0,0.0,0.0,0.0,0.0012330456226880395,0.0013297872340425532,1,SPARSE_LOW_DEMAND_B,0.6067910218020487,0.7077503310069793
4995,490,Hormozgan,SOUTH,26.948942,56.272881,21.0,1,20395855,16.830842300924377,0.9906542056074766,VERY_HIGH,44681,811,752,29.300373760658893,29.0,14.0,44.0,0.0673216803563035,0.0673216803563035,0.1178129406235312,0.269085293525212,0.4784584051386495,1.0,1.0,4,VERY_HIGH_DEMAND,3.6730877742026835,0.23294641951522468
4998,424,Isfahan,CENTER,31.528242,51.326473,2075.0,0,2,1.0986122886681098,0.0965732087227414,VERY_LOW,1,1,1,0.0,0.0,0.0,0.0,1.0,0.0,0.0,0.0,0.0,0.0012330456226880395,0.0013297872340425532,1,SPARSE_LOW_DEMAND_B,0.950752964872977,0.659243829299196
5163,149,Mazandaran,NORTH_CASPIAN,36.593922,53.211674,44.0,1,2172,7.683863980256429,0.3177570093457944,LOW,911,357,456,9.448957189901208,4.0,1.0,12.0,0.4807903402854007,0.1745334796926454,0.1383095499451152,0.0987925356750823,0.1075740944017563,0.4401972872996301,0.6063829787234043,3,ACTIVE_HIGH_DEMAND,1.9814071060702045,0.33741998365393205
5171,424,Isfahan,CENTER,32.845421,51.74332,1572.0,0,2,1.0986122886681098,0.0965732087227414,VERY_LOW,1,1,1,0.0,0.0,0.0,0.0,1.0,0.0,0.0,0.0,0.0,0.0012330456226880395,0.0013297872340425532,1,SPARSE_LOW_DEMAND_B,0.49772396527457824,0.7088360246413581
5241,424,Isfahan,CENTER,32.341774,51.500683,1676.0,0,2,1.0986122886681098,0.0965732087227414,VERY_LOW,1,1,1,0.0,0.0,0.0,0.0,1.0,0.0,0.0,0.0,0.0,0.0012330456226880395,0.0013297872340425532,1,SPARSE_LOW_DEMAND_B,0.6294819670705639,0.7073291951784874
5244,929,Alborz,NORTH_CENTRAL,35.950684,50.683861,1251.0,0,102106,11.533776562037676,0.6978193146417445,HIGH,12333,778,752,13.921268142382226,10.0,4.0,21.0,0.2293034946890456,0.1800048649963512,0.2171410038109138,0.2584123895240411,0.1151382469796481,0.9593094944512947,1.0,3,ACTIVE_HIGH_DEMAND,0.8413529479740088,0.49707479202403093
5262,929,Alborz,NORTH_CENTRAL,35.955669,50.793533,1422.0,0,78845,11.275251861871691,0.660436137071651,HIGH,9801,774,752,12.285889194980104,8.0,3.0,17.0,0.2720130598918477,0.1932455871849811,0.2228344046525864,0.2193653708805224,0.0925415773900622,0.9543773119605425,1.0,3,ACTIVE_HIGH_DEMAND,0.7651321294908192,0.5507478661803935
5265,424,Isfahan,CENTER,32.683331,51.533596,1598.0,0,14354,9.571853592555165,0.4735202492211838,MEDIUM,5251,723,750,11.117691868215578,7.0,2.0,16.0,0.3231765378023233,0.193106075033327,0.2018663111788231,0.2058655494191582,0.0759855265663683,0.8914919852034525,0.9973404255319149,3,ACTIVE_HIGH_DEMAND,1.0413740886061253,0.5527334926592553
5270,754,Gilan,NORTH_CASPIAN,35.951717,52.115266,5393.0,1,10533,9.262363400043334,0.4485981308411215,MEDIUM,3031,321,325,10.805014846585284,7.0,3.0,16.0,0.3041900362916529,0.2071923457604751,0.2137908281095348,0.2071923457604751,0.0676344440778621,0.3958076448828607,0.4321808510638298,3,ACTIVE_HIGH_DEMAND,1.4596268350443462,0.4832347372607044
5297,754,Gilan,NORTH_CASPIAN,37.797498,48.904184,56.0,1,1868602,14.440701650819742,0.9065420560747663,VERY_HIGH,32167,800,752,24.047471010663106,22.0,10.0,36.0,0.0933876332887742,0.0929834923990425,0.1573351571486305,0.3157272981627133,0.3405664190008394,0.9864364981504316,1.0,4,VERY_HIGH_DEMAND,1.6341936122127905,0.3836576652677568
5303,289,Razavi Khorasan,EAST,35.996597,59.593586,1298.0,0,4,1.6094379124341005,0.1978193146417445,VERY_LOW,3,3,2,1.0,1.0,0.5,1.5,1.0,0.0,0.0,0.0,0.0,0.0036991368680641184,0.0026595744680851063,0,SPARSE_LOW_DEMAND_A,0.6271551502670009,0.745112850013923
5309,289,Razavi Khorasan,EAST,36.5724,59.1928,1201.0,0,7726,8.952475967933584,0.4143302180685358,MEDIUM,2458,455,544,10.319772172497968,6.0,2.0,15.0,0.3405207485760781,0.2087062652563059,0.1969080553295362,0.1851098454027664,0.0687550854353132,0.561035758323058,0.723404255319149,2,ACTIVE_MEDIUM_DEMAND,1.2801264005404827,0.49143772791271806
5383,424,Isfahan,CENTER,32.377392,51.318905,1728.0,0,2,1.0986122886681098,0.0965732087227414,VERY_LOW,1,1,1,0.0,0.0,0.0,0.0,1.0,0.0,0.0,0.0,0.0,0.0012330456226880395,0.0013297872340425532,1,SPARSE_LOW_DEMAND_B,0.6802840437129056,0.7058653867956352
5410,149,Mazandaran,NORTH_CASPIAN,36.39558,51.589794,1391.0,1,1042,6.949856455000773,0.2741433021806853,LOW,412,147,209,6.730582524271845,4.0,1.0,8.25,0.4951456310679611,0.2257281553398058,0.1310679611650485,0.116504854368932,0.0315533980582524,0.1812577065351418,0.2779255319148936,3,ACTIVE_HIGH_DEMAND,1.9658626175991956,0.3482980705959473
5413,754,Gilan,NORTH_CASPIAN,37.365501,49.131767,58.0,1,9559857,16.073083431360782,0.97196261682243,VERY_HIGH,41834,811,752,27.978103934598654,27.0,13.0,42.0,0.0719032366018071,0.0719032366018071,0.1258306640531625,0.2854854902710714,0.4448773724721518,1.0,1.0,4,VERY_HIGH_DEMAND,1.8728753280592345,0.45083412695839914
5414,149,Mazandaran,NORTH_CASPIAN,36.521194,52.67593,4.0,1,1072036,13.885071134942631,0.8878504672897196,VERY_HIGH,31473,805,752,23.10285006195787,21.0,10.0,34.0,0.0955422107838464,0.0953833444539764,0.1642677850856289,0.3314269373748927,0.3133797223016554,0.9926017262638718,1.0,4,VERY_HIGH_DEMAND,0.675101608827282,0.44823070009260835
5434,424,Isfahan,CENTER,32.864319,51.554676,1596.0,0,77084,11.25266398809444,0.6573208722741433,HIGH,14106,759,752,15.380618176662413,12.0,5.0,23.0,0.199844037998015,0.1650361548277328,0.2145895363675032,0.2784630653622572,0.1420672054444917,0.935881627620222,1.0,3,ACTIVE_HIGH_DEMAND,1.263812233514258,0.4003295751228661
5506,289,Razavi Khorasan,EAST,36.99456,59.749882,912.0,0,48471,10.788741590624824,0.6105919003115264,HIGH,7757,738,742,12.507154827897384,9.0,4.0,18.0,0.24442439087276,0.1971122856774526,0.2361737785226247,0.2317906407116153,0.0904989042155472,0.9099876695437731,0.9867021276595744,2,ACTIVE_MEDIUM_DEMAND,1.714367280607437,0.4654253041298538
5529,424,Isfahan,CENTER,32.554897,51.371861,1630.0,0,229,5.438079308923196,0.2367601246105919,LOW,121,77,84,6.396694214876033,3.0,1.0,7.0,0.5371900826446281,0.2148760330578512,0.0909090909090909,0.1157024793388429,0.0413223140495867,0.09494451294697903,0.11170212765957446,3,ACTIVE_HIGH_DEMAND,2.490974414796415,0.11009732872221625
5640,149,Mazandaran,NORTH_CASPIAN,36.493694,51.144955,1303.0,1,2732604,14.820765924644054,0.9314641744548288,VERY_HIGH,33745,802,752,24.47364053933916,22.0,11.0,37.0,0.0891391317232182,0.0890798636835086,0.1541858053044895,0.3176174248036746,0.3499777744851089,0.9889025893958077,1.0,4,VERY_HIGH_DEMAND,0.8173701462052947,0.4522851556566567
5657,929,Alborz,NORTH_CENTRAL,35.727562,50.806129,1158.0,0,71179,11.172967159064184,0.6510903426791277,HIGH,9839,771,752,12.664091879256022,8.0,3.0,18.0,0.2752312226852322,0.1947352373208659,0.2110986888911474,0.2146559609716434,0.1042788901311108,0.9506781750924784,1.0,3,ACTIVE_HIGH_DEMAND,0.6544604145762242,0.5534945789640274
5683,424,Isfahan,CENTER,32.604481,51.547707,1599.0,0,3316,8.106816038947052,0.3489096573208722,LOW,1295,386,582,12.759073359073358,7.0,2.0,20.0,0.3606177606177606,0.1521235521235521,0.1613899613899614,0.1953667953667953,0.1305019305019305,0.4759556103575832,0.773936170212766,3,ACTIVE_HIGH_DEMAND,1.2235314165949236,0.4996517415302602
5686,149,Mazandaran,NORTH_CASPIAN,35.902943,52.21925,1621.0,1,2,1.0986122886681098,0.0965732087227414,VERY_LOW,1,1,1,0.0,0.0,0.0,0.0,1.0,0.0,0.0,0.0,0.0,0.0012330456226880395,0.0013297872340425532,1,SPARSE_LOW_DEMAND_B,1.0897754053635156,0.5573134146014468
5720,289,Razavi Khorasan,EAST,36.395214,59.298195,1384.0,0,140251,11.85119608353282,0.7289719626168224,HIGH,14461,778,752,14.69483438213125,11.0,5.0,22.0,0.1983265334347555,0.1733628379780098,0.2262637438628034,0.2746698015351635,0.1273770831892677,0.9593094944512947,1.0,2,ACTIVE_MEDIUM_DEMAND,1.7054395351247906,0.44002330462405065
5752,289,Razavi Khorasan,EAST,36.297783,58.464157,1155.0,0,2,1.0986122886681098,0.0965732087227414,VERY_LOW,1,1,1,0.0,0.0,0.0,0.0,1.0,0.0,0.0,0.0,0.0,0.0012330456226880395,0.0013297872340425532,0,SPARSE_LOW_DEMAND_A,0.6412323012652256,0.695362882991205
5762,289,Razavi Khorasan,EAST,34.739838,60.777138,812.0,0,2,1.0986122886681098,0.0965732087227414,VERY_LOW,1,1,1,0.0,0.0,0.0,0.0,1.0,0.0,0.0,0.0,0.0,0.0012330456226880395,0.0013297872340425532,0,SPARSE_LOW_DEMAND_A,0.9281291391459027,0.7171618536626619
5799,490,Hormozgan,SOUTH,27.097588,57.07415,25.0,1,254,5.541263545158426,0.2398753894080997,LOW,219,82,132,10.95890410958904,5.0,2.0,16.0,0.3926940639269406,0.1735159817351598,0.1735159817351598,0.1232876712328767,0.136986301369863,0.10110974106041924,0.17553191489361702,2,ACTIVE_MEDIUM_DEMAND,2.4567700305928017,0.2735872887391011
5802,149,Mazandaran,NORTH_CASPIAN,36.682331,51.334121,-21.0,1,139164,11.84341555848532,0.7258566978193146,HIGH,13065,770,752,14.771986222732492,11.0,4.0,22.0,0.2117106773823191,0.1744355147340222,0.2205128205128205,0.2547263681592039,0.1386146192116341,0.9494451294697904,1.0,3,ACTIVE_HIGH_DEMAND,1.2940592731145586,0.337645323731265
5818,424,Isfahan,CENTER,33.75201,51.430649,1852.0,0,84513,11.344672480095143,0.6728971962616822,HIGH,10100,764,752,15.103564356435644,11.0,4.0,23.0,0.2234653465346534,0.162079207920792,0.2044554455445544,0.2626732673267327,0.1473267326732673,0.9420468557336621,1.0,3,ACTIVE_HIGH_DEMAND,1.106342499330567,0.4356017105489331
5842,987,Tehran,NORTH_CENTRAL,35.712482,51.112892,1177.0,0,18687,9.835636885627954,0.5295950155763239,MEDIUM,8222,759,752,13.015446363415228,9.0,3.0,19.0,0.2803454147409389,0.1812211140841644,0.1980053514959864,0.227681829238628,0.1127462904402821,0.935881627620222,1.0,3,ACTIVE_HIGH_DEMAND,0.5493161857210461,0.5490063763253342
5850,424,Isfahan,CENTER,32.515644,51.541443,1617.0,0,2,1.0986122886681098,0.0965732087227414,VERY_LOW,1,1,1,0.0,0.0,0.0,0.0,1.0,0.0,0.0,0.0,0.0,0.0012330456226880395,0.0013297872340425532,1,SPARSE_LOW_DEMAND_B,0.576948471311402,0.7122473831535788
5927,754,Gilan,NORTH_CASPIAN,37.735703,48.945873,36.0,1,1188841,13.98849028206583,0.8940809968847352,VERY_HIGH,28042,796,752,22.66632194565295,20.0,9.0,34.0,0.1050210398687682,0.1026674274302831,0.1682476285571642,0.3164895513872049,0.3075743527565794,0.9815043156596794,1.0,4,VERY_HIGH_DEMAND,1.6423693147509657,0.32998723991567924
5933,490,Hormozgan,SOUTH,26.733732,54.267502,4.0,1,8285,9.022322622637349,0.4174454828660436,MEDIUM,3618,632,709,12.256218905472636,7.0,2.0,18.0,0.3460475400773908,0.161967938087341,0.1810392482034273,0.1890547263681592,0.1218905472636815,0.7792848335388409,0.9428191489361702,2,ACTIVE_MEDIUM_DEMAND,2.8841589650256547,0.007648104352604721
5936,149,Mazandaran,NORTH_CASPIAN,36.786312,50.867374,14.0,1,138268,11.836956342129708,0.7227414330218068,HIGH,10475,747,747,16.506062052505968,12.0,5.0,25.0,0.1970405727923627,0.1533174224343675,0.2051551312649164,0.2655847255369928,0.1789021479713604,0.9210850801479655,0.9933510638297872,3,ACTIVE_HIGH_DEMAND,1.4408271602911962,0.21913368873876493
5947,754,Gilan,NORTH_CASPIAN,37.087212,50.191029,36.0,1,179644,12.098737960258998,0.7570093457943925,HIGH,17432,784,752,17.542737494263424,14.0,6.0,26.0,0.1607962368058742,0.1446190913262964,0.2090408444240477,0.2977856815052777,0.1877581459385039,0.966707768187423,1.0,3,ACTIVE_HIGH_DEMAND,1.7515834009338034,0.09219949058883342
5951,490,Hormozgan,SOUTH,27.018154,54.285995,321.0,1,2,1.0986122886681098,0.0965732087227414,VERY_LOW,1,1,1,0.0,0.0,0.0,0.0,1.0,0.0,0.0,0.0,0.0,0.0012330456226880395,0.0013297872340425532,1,SPARSE_LOW_DEMAND_B,2.363011248749456,0.2372871149765154
5986,987,Tehran,NORTH_CENTRAL,35.693954,52.047218,1916.0,0,1625145,14.301108215863897,0.9034267912772586,VERY_HIGH,31908,804,752,23.364422715306507,21.0,10.0,35.0,0.0942710292089758,0.0942396891061802,0.1625924533032468,0.3299486022314153,0.3189482261501817,0.9913686806411838,1.0,4,VERY_HIGH_DEMAND,1.329359278739084,0.3088200130736127
6037,987,Tehran,NORTH_CENTRAL,35.501045,51.225548,1029.0,0,63146,11.053220620711953,0.6355140186915887,HIGH,14955,760,752,15.606151788699432,12.0,5.0,23.0,0.1962554329655633,0.1654296221999331,0.2127716482781678,0.2811768639251086,0.144366432631227,0.93711467324291,1.0,3,ACTIVE_HIGH_DEMAND,0.9629014495315182,0.41965263533818714
6081,289,Razavi Khorasan,EAST,34.562866,60.144295,965.0,0,5139,8.544808358449211,0.3707165109034268,LOW,2208,470,710,13.397644927536232,9.0,3.0,20.0,0.2798913043478261,0.1834239130434782,0.181159420289855,0.2318840579710145,0.123641304347826,0.5795314426633785,0.9441489361702128,2,ACTIVE_MEDIUM_DEMAND,1.2335638265046593,0.5178317205764208
6093,149,Mazandaran,NORTH_CASPIAN,36.464352,52.865082,54.0,1,544325,13.207303611056572,0.8442367601246106,VERY_HIGH,24185,792,752,19.529873888774038,17.0,8.0,29.0,0.1243332644200951,0.1227620425883812,0.196650816621873,0.3319412859210254,0.2243125904486251,0.9765721331689272,1.0,4,VERY_HIGH_DEMAND,1.3332411666228363,0.21200255422899775
6095,424,Isfahan,CENTER,33.21423,50.318871,2250.0,0,190310,12.156414855081891,0.7663551401869159,HIGH,17913,790,752,17.115837659800146,14.0,6.0,25.0,0.1576508680846312,0.1467649193323284,0.2164349913470663,0.305923072628817,0.1732261486071568,0.9741060419235512,1.0,3,ACTIVE_HIGH_DEMAND,1.7346961771057334,0.2724525656724676
6126,424,Isfahan,CENTER,32.821888,51.775871,1558.0,0,2,1.0986122886681098,0.0965732087227414,VERY_LOW,1,1,1,0.0,0.0,0.0,0.0,1.0,0.0,0.0,0.0,0.0,0.0012330456226880395,0.0013297872340425532,1,SPARSE_LOW_DEMAND_B,0.49139333138463603,0.7073692020119237
6179,987,Tehran,NORTH_CENTRAL,35.601929,51.06321,1112.0,0,2303,7.742402021815782,0.3208722741433021,LOW,1038,271,293,8.480732177263969,4.0,1.0,12.0,0.4653179190751445,0.1801541425818882,0.1560693641618497,0.1416184971098266,0.0568400770712909,0.33415536374845867,0.3896276595744681,3,ACTIVE_HIGH_DEMAND,1.402675020788588,0.47552724720826417
6197,424,Isfahan,CENTER,33.306801,53.697029,1461.0,0,1280,7.155396301896734,0.2866043613707165,LOW,513,192,224,9.066276803118908,4.0,1.0,14.0,0.4502923976608187,0.1695906432748538,0.1345029239766081,0.1773879142300194,0.0682261208576998,0.23674475955610358,0.2978723404255319,3,ACTIVE_HIGH_DEMAND,2.070762950720354,0.2490648848537441
6235,424,Isfahan,CENTER,32.141544,52.622619,1489.0,0,502,6.220590170099739,0.2585669781931464,LOW,284,110,213,7.207746478873239,4.0,1.0,9.0,0.4964788732394366,0.1866197183098591,0.1795774647887324,0.1091549295774647,0.028169014084507,0.13563501849568435,0.28324468085106386,3,ACTIVE_HIGH_DEMAND,2.1202657442964044,0.3194472060736814
6248,149,Mazandaran,NORTH_CASPIAN,36.676575,52.456791,-22.0,1,1923314,14.46956081770835,0.912772585669782,VERY_HIGH,31611,797,752,22.987757426212397,21.0,10.0,34.0,0.0951567492328619,0.0951567492328619,0.1647527759324286,0.3364018854196324,0.3085318401822151,0.9827373612823674,1.0,4,VERY_HIGH_DEMAND,0.6611511170666586,0.4535068866001309
6249,424,Isfahan,CENTER,31.97666,51.849426,1847.0,0,38155,10.549438298265098,0.6012461059190031,HIGH,7948,760,752,11.945143432310015,8.0,3.0,18.0,0.298565676899849,0.1844489179667841,0.1981630598892803,0.2331404126824358,0.0856819325616507,0.93711467324291,1.0,3,ACTIVE_HIGH_DEMAND,1.2895734950811932,0.4983728758645802
6261,987,Tehran,NORTH_CENTRAL,35.759624,51.962959,2055.0,0,49724,10.814263103722173,0.6137071651090342,HIGH,8129,766,752,11.526633042194613,7.0,3.0,17.0,0.2927789395989666,0.2086357485545577,0.2102349612498462,0.2021158814122278,0.0862344691844015,0.9445129469790382,1.0,3,ACTIVE_HIGH_DEMAND,0.9997039337912205,0.5432549308392399
6268,149,Mazandaran,NORTH_CASPIAN,36.671634,51.289491,0.0,1,2668831,14.797151481482354,0.9283489096573208,VERY_HIGH,35930,804,752,25.26707486779849,24.0,11.0,38.0,0.083718341219037,0.083718341219037,0.1461174505983857,0.3142499304202616,0.3721959365432786,0.9913686806411838,1.0,4,VERY_HIGH_DEMAND,0.6987074730965709,0.518367803375082
6287,987,Tehran,NORTH_CENTRAL,35.477882,50.946919,1105.0,0,68269,11.131225710412323,0.6479750778816199,HIGH,13414,775,752,15.182421350827491,11.0,4.0,23.0,0.2141046667660653,0.169151632622633,0.2041896526017593,0.2700909497539884,0.1424630982555539,0.9556103575832305,1.0,3,ACTIVE_HIGH_DEMAND,0.8627628647454819,0.4520870751818754
6379,289,Razavi Khorasan,EAST,34.515488,58.181862,1260.0,0,2,1.0986122886681098,0.0965732087227414,VERY_LOW,1,1,1,0.0,0.0,0.0,0.0,1.0,0.0,0.0,0.0,0.0,0.0012330456226880395,0.0013297872340425532,0,SPARSE_LOW_DEMAND_A,0.427514554670854,0.6626543407863819
6397,490,Hormozgan,SOUTH,26.458079,57.902054,713.0,1,1624,7.393263094763838,0.2959501557632398,LOW,1164,343,474,11.90635738831615,7.0,2.0,17.0,0.3247422680412371,0.197594501718213,0.1915807560137457,0.1778350515463917,0.1082474226804123,0.42293464858199753,0.6303191489361702,2,ACTIVE_MEDIUM_DEMAND,2.1661896671983536,0.34449675244801975
6418,987,Tehran,NORTH_CENTRAL,36.050816,51.415546,2642.0,0,85223,11.353038363291034,0.67601246105919,HIGH,13152,780,752,15.026003649635037,11.0,4.0,22.0,0.204911800486618,0.1710766423357664,0.2173813868613138,0.2687804136253041,0.1378497566909975,0.9617755856966708,1.0,3,ACTIVE_HIGH_DEMAND,1.3209996682277378,0.41791865185493415
6430,289,Razavi Khorasan,EAST,36.642281,59.120838,1178.0,0,10189,9.229162126216773,0.4423676012461059,MEDIUM,3741,701,726,10.138465650895483,6.0,2.0,13.0,0.3723603314621759,0.214915797914996,0.1801657310879444,0.1542368350708367,0.078321304464047,0.8643649815043156,0.9654255319148937,2,ACTIVE_MEDIUM_DEMAND,1.3900317944444527,0.4670882544458979
6473,289,Razavi Khorasan,EAST,35.544697,59.19418,1697.0,0,2,1.0986122886681098,0.0965732087227414,VERY_LOW,1,1,1,0.0,0.0,0.0,0.0,1.0,0.0,0.0,0.0,0.0,0.0012330456226880395,0.0013297872340425532,0,SPARSE_LOW_DEMAND_A,0.5690672589207739,0.733211258611456
6507,754,Gilan,NORTH_CASPIAN,37.049774,50.236485,60.0,1,8517,9.049936850483158,0.4205607476635514,MEDIUM,2960,545,633,11.88277027027027,8.0,3.0,17.0,0.2810810810810811,0.2037162162162162,0.2206081081081081,0.1972972972972973,0.0972972972972973,0.6720098643649816,0.8417553191489362,3,ACTIVE_HIGH_DEMAND,1.1963284779546857,0.48589608169547366
6520,490,Hormozgan,SOUTH,27.091141,56.457397,6.0,1,2007489,14.512395743470597,0.9190031152647976,VERY_HIGH,39049,810,752,27.29972598530052,26.0,13.0,42.0,0.0768265512561141,0.076749724704858,0.1329611513739148,0.2871520397449358,0.4263105329201772,0.998766954377312,1.0,4,VERY_HIGH_DEMAND,3.4891233994657735,0.1847409323597501
6553,424,Isfahan,CENTER,32.986218,50.409138,2317.0,0,6420,8.76732914779405,0.3956386292834891,LOW,2172,579,638,9.634438305709024,5.0,2.0,13.0,0.3872007366482504,0.2090239410681399,0.1818600368324125,0.1560773480662983,0.0658379373848987,0.7139334155363748,0.848404255319149,3,ACTIVE_HIGH_DEMAND,1.4167064236398859,0.5415563680389769
6563,987,Tehran,NORTH_CENTRAL,35.578758,51.114265,1088.0,0,3770,8.235095497258357,0.3582554517133956,LOW,1732,594,659,7.8637413394919164,4.0,1.0,10.0,0.4919168591224018,0.184757505773672,0.1518475750577367,0.1148960739030023,0.056581986143187,0.7324290998766955,0.8763297872340425,3,ACTIVE_HIGH_DEMAND,1.3139225528407672,0.5123753396380742
6593,424,Isfahan,CENTER,32.193328,51.49924,1811.0,0,136,4.919980925828125,0.2242990654205607,LOW,34,19,33,2.411764705882353,1.0,0.0,4.0,0.7058823529411765,0.2647058823529412,0.0294117647058823,0.0,0.0,0.02342786683107275,0.043882978723404256,1,SPARSE_LOW_DEMAND_B,2.6427775909033566,0.22702306634270888
6603,424,Isfahan,CENTER,32.354958,51.380119,1704.0,0,2,1.0986122886681098,0.0965732087227414,VERY_LOW,1,1,1,0.0,0.0,0.0,0.0,1.0,0.0,0.0,0.0,0.0,0.0012330456226880395,0.0013297872340425532,1,SPARSE_LOW_DEMAND_B,0.6608707774085254,0.7070336662052565
6613,754,Gilan,NORTH_CASPIAN,37.256592,50.008205,-13.0,1,10540,9.26302769425519,0.4517133956386293,MEDIUM,3326,639,699,11.25225496091401,7.0,2.0,16.0,0.3235117257967528,0.2074564040889958,0.1936259771497294,0.185207456404089,0.0901984365604329,0.7879161528976573,0.9295212765957447,3,ACTIVE_HIGH_DEMAND,1.3003963496551514,0.4833479700821474
6662,987,Tehran,NORTH_CENTRAL,35.329395,51.634686,920.0,0,104708,11.558940353049676,0.7071651090342679,HIGH,15820,774,752,16.058154235145384,12.0,5.0,24.0,0.1849557522123893,0.1628950695322376,0.2134639696586599,0.2857142857142857,0.1529709228824273,0.9543773119605425,1.0,3,ACTIVE_HIGH_DEMAND,1.069268416130377,0.38049606348327614
6692,289,Razavi Khorasan,EAST,36.105892,59.060467,1296.0,0,2,1.0986122886681098,0.0965732087227414,VERY_LOW,1,1,1,0.0,0.0,0.0,0.0,1.0,0.0,0.0,0.0,0.0,0.0012330456226880395,0.0013297872340425532,0,SPARSE_LOW_DEMAND_A,0.5589750693516282,0.7399888537741987
6720,424,Isfahan,CENTER,31.414553,51.571869,2392.0,0,89374,11.400596279996307,0.6822429906542056,HIGH,10460,770,752,13.510420650095602,10.0,4.0,20.0,0.231453154875717,0.1842256214149139,0.2217017208413002,0.2522944550669216,0.1103250478011472,0.9494451294697904,1.0,3,ACTIVE_HIGH_DEMAND,1.6424908438503962,0.4198134641218257
6728,149,Mazandaran,NORTH_CASPIAN,36.37146,52.565693,81.0,1,409,6.016157159698354,0.249221183800623,LOW,211,87,133,5.014218009478673,3.0,1.0,7.0,0.5023696682464455,0.2559241706161137,0.1943127962085308,0.0473933649289099,0.0,0.10727496917385944,0.1768617021276596,3,ACTIVE_HIGH_DEMAND,2.452031346922898,0.31586234766838206
6733,754,Gilan,NORTH_CASPIAN,37.277164,49.768139,2.0,1,104344,11.555457995688933,0.7040498442367601,HIGH,11482,777,752,13.88538582128549,10.0,4.0,20.0,0.2313185856122626,0.1828078731928235,0.2149451315101898,0.2495209893746734,0.1214074203100505,0.9580764488286067,1.0,3,ACTIVE_HIGH_DEMAND,1.448062215699894,0.378631607385578
6738,490,Hormozgan,SOUTH,27.943184,56.656979,987.0,1,2,1.0986122886681098,0.0965732087227414,VERY_LOW,1,1,1,0.0,0.0,0.0,0.0,1.0,0.0,0.0,0.0,0.0,0.0012330456226880395,0.0013297872340425532,0,SPARSE_LOW_DEMAND_A,2.389346252734825,0.14084496563644386
6752,149,Mazandaran,NORTH_CASPIAN,36.446316,51.295593,528.0,1,182565,12.11486703046293,0.7632398753894081,HIGH,14822,781,752,15.304817163675615,11.0,5.0,23.0,0.1942382944272028,0.1706922142760761,0.2200107947645392,0.2708136553771421,0.1442450411550398,0.9630086313193588,1.0,3,ACTIVE_HIGH_DEMAND,1.193155508528032,0.3413976240285692
6753,424,Isfahan,CENTER,32.860447,53.095615,1560.0,0,43690,10.684897410216388,0.6074766355140186,HIGH,7207,763,752,12.151241848203137,8.0,3.0,18.0,0.3069238240599417,0.1819064798112945,0.196198140696545,0.216039961148883,0.0989315942833356,0.9408138101109741,1.0,3,ACTIVE_HIGH_DEMAND,1.343935215318466,0.4266360698970446
6782,754,Gilan,NORTH_CASPIAN,36.884071,49.491573,199.0,1,111544,11.62218337590675,0.7102803738317757,HIGH,11505,770,752,13.597913950456324,10.0,4.0,20.0,0.2247718383311603,0.1848761408083442,0.2315514993481095,0.2438070404172099,0.114993481095176,0.9494451294697904,1.0,3,ACTIVE_HIGH_DEMAND,1.4587705480278397,0.39198040723287253
6862,754,Gilan,NORTH_CASPIAN,36.893909,49.525669,161.0,1,72314,11.188786855507832,0.6542056074766355,HIGH,8896,767,750,11.841164568345324,8.0,3.0,17.0,0.2618030575539568,0.1964928057553956,0.2293165467625899,0.2356115107913669,0.0767760791366906,0.9457459926017263,0.9973404255319149,3,ACTIVE_HIGH_DEMAND,1.4201286080336877,0.45044174983151886
6886,149,Mazandaran,NORTH_CASPIAN,36.566883,53.060017,40.0,1,2642812,14.787354438151043,0.9252336448598132,VERY_HIGH,36919,802,752,25.577399171158483,24.0,12.0,38.0,0.0814756629377827,0.0814756629377827,0.1424469785205449,0.3140930144370107,0.3805086811668788,0.9889025893958077,1.0,4,VERY_HIGH_DEMAND,0.9040861885855873,0.49536002942184104
6888,424,Isfahan,CENTER,34.041313,54.414467,978.0,0,2,1.0986122886681098,0.0965732087227414,VERY_LOW,1,1,1,0.0,0.0,0.0,0.0,1.0,0.0,0.0,0.0,0.0,0.0012330456226880395,0.0013297872340425532,1,SPARSE_LOW_DEMAND_B,1.2886525953269834,0.2799749540957029
6912,424,Isfahan,CENTER,32.728268,52.679115,2059.0,0,102,4.634728988229636,0.2180685358255451,LOW,59,29,46,11.101694915254235,6.0,1.0,20.5,0.4576271186440678,0.0677966101694915,0.1864406779661017,0.1525423728813559,0.135593220338983,0.035758323057953144,0.061170212765957445,3,ACTIVE_HIGH_DEMAND,2.394594424575051,0.245144937476072
6930,149,Mazandaran,NORTH_CASPIAN,36.641006,52.899826,-8.0,1,27315,10.21522789008098,0.5638629283489096,MEDIUM,7437,755,752,12.81807180314643,9.0,3.0,19.0,0.263547129218771,0.1924162968939088,0.2081484469544171,0.2292591098561247,0.1066290170767782,0.9309494451294698,1.0,3,ACTIVE_HIGH_DEMAND,1.3726138209653322,0.39726318745629935
6986,424,Isfahan,CENTER,33.904133,51.768002,944.0,0,25690,10.15389601499835,0.557632398753894,MEDIUM,4005,694,691,10.851935081148564,7.0,3.0,15.0,0.3001248439450686,0.2069912609238452,0.2267166042446941,0.1975031210986267,0.0686641697877653,0.8557336621454994,0.9188829787234043,3,ACTIVE_HIGH_DEMAND,0.8454558388188584,0.5670532292438462
7008,149,Mazandaran,NORTH_CASPIAN,36.651875,53.293648,44.0,1,65590,11.091193770398116,0.6417445482866043,HIGH,12185,785,752,14.346901928600738,10.0,4.0,21.0,0.2210094378334017,0.1719327041444399,0.2196963479688141,0.2631103816167419,0.1242511284366023,0.967940813810111,1.0,3,ACTIVE_HIGH_DEMAND,1.5878596239542984,0.30909720281801173
7029,289,Razavi Khorasan,EAST,36.135738,59.11237,1529.0,0,2,1.0986122886681098,0.0965732087227414,VERY_LOW,1,1,1,0.0,0.0,0.0,0.0,1.0,0.0,0.0,0.0,0.0,0.0012330456226880395,0.0013297872340425532,0,SPARSE_LOW_DEMAND_A,0.6269678145554725,0.7345310082430963
7039,424,Isfahan,CENTER,32.631535,51.35059,1657.0,0,206155,12.23638844273212,0.7725856697819314,HIGH,8761,767,752,13.665791576304075,9.0,3.0,21.0,0.2633261043259902,0.179431571738386,0.1989498915648898,0.2355895445725374,0.1227028877981965,0.9457459926017263,1.0,3,ACTIVE_HIGH_DEMAND,1.1378762314797133,0.47334435230184485
7040,424,Isfahan,CENTER,34.080826,51.437946,900.0,0,3092,8.03689677268507,0.3426791277258567,LOW,1143,349,486,9.682414698162727,6.0,2.0,13.0,0.3770778652668416,0.21084864391951,0.189851268591426,0.153105861767279,0.0691163604549431,0.43033292231812575,0.6462765957446809,3,ACTIVE_HIGH_DEMAND,1.000814075582232,0.5709371588989757
7049,754,Gilan,NORTH_CASPIAN,37.263592,49.944908,-7.0,1,141809,11.862243412455392,0.7320872274143302,HIGH,13021,774,752,14.95177021734122,11.0,4.0,22.0,0.2110436986406574,0.1754857537823516,0.2142692573535058,0.2551263343829199,0.1440749558405652,0.9543773119605425,1.0,3,ACTIVE_HIGH_DEMAND,1.484355928993678,0.3250164910670091
7058,754,Gilan,NORTH_CASPIAN,37.07468,50.399403,-18.0,1,115275,11.655084531945109,0.7133956386292835,HIGH,13460,769,752,15.604160475482912,12.0,5.0,23.0,0.1921248142644873,0.1618127786032689,0.212555720653789,0.2863298662704309,0.1471768202080237,0.9482120838471023,1.0,3,ACTIVE_HIGH_DEMAND,1.481693339936786,0.27484617799219935
7127,149,Mazandaran,NORTH_CASPIAN,36.698936,52.649338,-22.0,1,4406734,15.298644610407342,0.956386292834891,VERY_HIGH,38476,808,752,26.42442041792286,25.0,12.0,40.0,0.0781786048445784,0.0781786048445784,0.1367345877949891,0.3046054683439027,0.4023027341719513,0.9963008631319359,1.0,4,VERY_HIGH_DEMAND,0.9618663490519516,0.5120989728712874
7154,424,Isfahan,CENTER,32.465576,51.555962,1632.0,0,2,1.0986122886681098,0.0965732087227414,VERY_LOW,1,1,1,0.0,0.0,0.0,0.0,1.0,0.0,0.0,0.0,0.0,0.0012330456226880395,0.0013297872340425532,1,SPARSE_LOW_DEMAND_B,0.5867961528320221,0.710724349916988
7201,754,Gilan,NORTH_CASPIAN,37.253253,50.252217,-26.0,1,660917,13.401385056675498,0.8535825545171339,VERY_HIGH,25669,793,752,21.06330593322685,18.0,8.0,32.0,0.1162102146558105,0.1130546573688106,0.1826717051696599,0.3206202033581363,0.2674432194475827,0.9778051787916153,1.0,4,VERY_HIGH_DEMAND,1.2669486178744083,0.30115712102776115
7221,149,Mazandaran,NORTH_CASPIAN,36.682804,52.516685,-24.0,1,1200748,13.9984560867139,0.897196261682243,VERY_HIGH,27006,799,752,21.227727171739613,19.0,9.0,32.0,0.1112345404724876,0.1103458490705769,0.182663111901059,0.3279641561134562,0.2677923424424202,0.9852034525277436,1.0,4,VERY_HIGH_DEMAND,0.9235957152906162,0.36187864110121726
7222,987,Tehran,NORTH_CENTRAL,35.654701,50.979176,1150.0,0,262096,12.47646994323302,0.7912772585669782,HIGH,16663,782,752,15.437556262377724,12.0,5.0,23.0,0.179379463481966,0.165576426813899,0.2296705275160535,0.286623057072556,0.1387505251155254,0.9642416769420469,1.0,3,ACTIVE_HIGH_DEMAND,1.1356555792274805,0.39570337473047007
7228,149,Mazandaran,NORTH_CASPIAN,36.179642,52.974686,420.0,1,149394,11.914349083918673,0.7383177570093458,HIGH,12604,779,752,13.988892415106315,10.0,4.0,20.0,0.2088225960012694,0.1816090130117423,0.231196445572834,0.2640431609013012,0.114328784512853,0.9605425400739828,1.0,3,ACTIVE_HIGH_DEMAND,1.4267608370415374,0.35143157179995294
7252,149,Mazandaran,NORTH_CASPIAN,36.698289,52.589626,-21.0,1,168249,12.033206247506977,0.7538940809968847,HIGH,21618,789,752,18.59061892867055,15.0,7.0,27.0,0.13669164585068,0.1322971597742621,0.2074197428069201,0.3195947821260061,0.2039966694421315,0.9728729963008631,1.0,4,VERY_HIGH_DEMAND,1.6090458287504497,0.06331602564266352
7256,490,Hormozgan,SOUTH,27.25174,52.867359,20.0,1,2,1.0986122886681098,0.0965732087227414,VERY_LOW,1,1,1,0.0,0.0,0.0,0.0,1.0,0.0,0.0,0.0,0.0,0.0012330456226880395,0.0013297872340425532,1,SPARSE_LOW_DEMAND_B,2.104421823334003,0.3864955508985947
7274,149,Mazandaran,NORTH_CASPIAN,36.289951,52.880951,271.0,1,2971817,14.904684444721232,0.9376947040498442,VERY_HIGH,35286,804,752,24.750552627104238,23.0,11.0,37.0,0.0852462733095278,0.0852462733095278,0.1487558805191861,0.3217706739216686,0.3589808989400895,0.9913686806411838,1.0,4,VERY_HIGH_DEMAND,0.6903249151597994,0.492984872862057
7278,149,Mazandaran,NORTH_CASPIAN,36.725136,53.81105,38.0,1,62787,11.047519251395098,0.632398753894081,HIGH,9779,768,752,13.28152162797832,9.0,4.0,20.0,0.2466509868084671,0.1852950199406892,0.2164843030984763,0.2419470293486041,0.1096226608037631,0.9469790382244143,1.0,3,ACTIVE_HIGH_DEMAND,1.7140901858805164,0.32959200877709555
7280,424,Isfahan,CENTER,33.778317,51.230152,2075.0,0,10925,9.298900548955665,0.4579439252336448,MEDIUM,2762,618,652,10.295800144822593,6.0,2.0,14.0,0.3537291817523533,0.225199131064446,0.1817523533671252,0.1560463432295438,0.0832729905865315,0.7620221948212084,0.8670212765957447,3,ACTIVE_HIGH_DEMAND,1.11267897754876,0.5645340368240136
7285,424,Isfahan,CENTER,32.378839,51.19253,1729.0,0,18037,9.800235922725651,0.5202492211838006,MEDIUM,4072,713,708,8.977161100196463,5.5,2.0,13.0,0.3632121807465618,0.2278978388998035,0.1915520628683693,0.1765717092337917,0.0407662082514734,0.8791615289765722,0.9414893617021277,3,ACTIVE_HIGH_DEMAND,1.3238980098325104,0.5445109710086902
7339,754,Gilan,NORTH_CASPIAN,37.284145,49.590408,-2.0,1,16567124,16.622930868012027,0.9875389408099688,VERY_HIGH,44649,810,752,29.251114246679656,29.0,14.0,44.0,0.067369929897646,0.067369929897646,0.1178973773208806,0.2694797195905843,0.4778830432932428,0.998766954377312,1.0,4,VERY_HIGH_DEMAND,1.9843303455794463,0.4611404997644401
7366,754,Gilan,NORTH_CASPIAN,38.154221,48.890347,0.0,1,14636,9.591307848483948,0.4797507788161994,MEDIUM,3797,656,691,11.200684751119304,7.0,2.0,16.0,0.3242033184092704,0.1964708980774295,0.1983144587832499,0.1933105082960231,0.0877008164340268,0.8088779284833539,0.9188829787234043,3,ACTIVE_HIGH_DEMAND,1.719414848277479,0.42776761962371623
7399,490,Hormozgan,SOUTH,26.681817,55.890957,7.0,1,378306,12.843461314282864,0.8068535825545171,VERY_HIGH,28573,802,752,23.105834179120148,21.0,10.0,35.0,0.101389423581703,0.0988695621740804,0.166660833654149,0.3148776817275049,0.3182024988625626,0.9889025893958077,1.0,4,VERY_HIGH_DEMAND,3.2964430592246052,0.08734726855464593
7401,987,Tehran,NORTH_CENTRAL,35.605221,51.026104,1115.0,0,2369,7.770645234129176,0.3271028037383177,LOW,1175,484,557,8.19063829787234,4.0,1.0,11.5,0.4578723404255319,0.1897872340425531,0.1548936170212766,0.1480851063829787,0.0493617021276595,0.5967940813810111,0.7406914893617021,3,ACTIVE_HIGH_DEMAND,1.2048838037522764,0.5358009966780196
7412,149,Mazandaran,NORTH_CASPIAN,36.85349,50.474754,1771.0,1,776040,13.56196063282118,0.8722741433021807,VERY_HIGH,31912,797,752,23.876942842817748,22.0,10.0,36.0,0.0941965404863374,0.0935071446477814,0.1582790172975683,0.315273251441464,0.3387440461268488,0.9827373612823674,1.0,4,VERY_HIGH_DEMAND,1.2400928073429953,0.3781959536600546
7416,424,Isfahan,CENTER,32.420319,52.650612,1475.0,0,23726,10.074368919187528,0.5482866043613707,MEDIUM,4641,743,722,11.374703727644905,7.0,2.0,16.0,0.3158801982331394,0.2031889678948502,0.2066365007541478,0.1840120663650075,0.0902822667528549,0.9161528976572133,0.9601063829787234,3,ACTIVE_HIGH_DEMAND,1.294901878363082,0.4645956828329941
7432,424,Isfahan,CENTER,34.035901,51.05459,1786.0,0,836,6.729824070489475,0.2679127725856697,LOW,447,176,211,9.48545861297539,5.0,2.0,14.0,0.407158836689038,0.1834451901565995,0.1834451901565995,0.1498881431767337,0.076062639821029,0.21701602959309493,0.28058510638297873,3,ACTIVE_HIGH_DEMAND,1.474156704598097,0.49636536769140305
7458,754,Gilan,NORTH_CASPIAN,37.406818,49.118267,61.0,1,1909,7.554858521040676,0.3021806853582554,LOW,748,249,379,9.052139037433156,5.0,2.0,13.0,0.4010695187165775,0.196524064171123,0.1764705882352941,0.177807486631016,0.0481283422459893,0.3070283600493218,0.5039893617021277,3,ACTIVE_HIGH_DEMAND,1.8351557511819274,0.45776720014739236
7515,987,Tehran,NORTH_CENTRAL,35.558689,51.169491,1066.0,0,2,1.0986122886681098,0.0965732087227414,VERY_LOW,1,1,1,0.0,0.0,0.0,0.0,1.0,0.0,0.0,0.0,0.0,0.0012330456226880395,0.0013297872340425532,1,SPARSE_LOW_DEMAND_B,0.8416536870542448,0.6655823056232911
7562,754,Gilan,NORTH_CASPIAN,37.163815,49.403091,43.0,1,510594,13.143331991340478,0.8317757009345794,VERY_HIGH,23912,801,752,19.96972231515557,17.0,8.0,30.0,0.1243308798929407,0.1206925393108062,0.1919538307126129,0.3248996319839411,0.2381231180996988,0.9876695437731196,1.0,4,VERY_HIGH_DEMAND,1.6985631550752973,0.17319009111514022
7599,289,Razavi Khorasan,EAST,36.29966,59.284773,1720.0,0,577,6.359573868672378,0.2616822429906542,LOW,356,117,194,7.050561797752809,5.0,1.0,10.0,0.4213483146067415,0.2415730337078651,0.1769662921348314,0.1432584269662921,0.0168539325842696,0.1442663378545006,0.2579787234042553,2,ACTIVE_MEDIUM_DEMAND,1.835168282781502,0.3700345063252159
7613,754,Gilan,NORTH_CASPIAN,37.041752,50.413738,-2.0,1,15252,9.632531483999934,0.4859813084112149,MEDIUM,4789,679,723,12.993109208603048,8.0,3.0,18.0,0.278137398204218,0.1908540405095009,0.2019210691167258,0.2106911672583002,0.1183963249112549,0.8372379778051788,0.961436170212766,3,ACTIVE_HIGH_DEMAND,1.157017060769921,0.461247338998119
7619,424,Isfahan,CENTER,32.577637,51.659054,1789.0,0,10663577,16.182344567664575,0.9750778816199376,VERY_HIGH,44173,811,752,29.032689652049896,29.0,14.0,44.0,0.0680958956828832,0.0680958956828832,0.1191678174450456,0.2723609444683404,0.4722794467208476,1.0,1.0,4,VERY_HIGH_DEMAND,2.0891003322490524,0.3944257372629077
7634,424,Isfahan,CENTER,33.446743,51.170345,2007.0,0,2150,7.67368812926773,0.3146417445482866,LOW,964,284,385,10.015560165975105,5.0,2.0,16.0,0.4014522821576763,0.16701244813278,0.1618257261410788,0.2012448132780083,0.0684647302904564,0.35018495684340323,0.511968085106383,3,ACTIVE_HIGH_DEMAND,1.3644008508708865,0.5194837489554905
7651,754,Gilan,NORTH_CASPIAN,37.550556,49.139702,15.0,1,352466,12.772712279830836,0.8037383177570093,VERY_HIGH,17915,781,752,17.625397711415015,14.0,6.0,26.0,0.1571867150432598,0.1407200669829751,0.20837287189506,0.3057214624616243,0.1879988836170806,0.9630086313193588,1.0,3,ACTIVE_HIGH_DEMAND,2.0546148620386853,0.07051584451308837
7766,929,Alborz,NORTH_CENTRAL,35.721559,50.986858,1232.0,0,96915,11.48159990292732,0.6915887850467289,HIGH,15615,782,752,16.121934037784182,12.0,5.0,24.0,0.1873839257124559,0.1595260967018892,0.2114633365353826,0.2795389048991354,0.1620877361511367,0.9642416769420469,1.0,3,ACTIVE_HIGH_DEMAND,1.0710083328613127,0.3847998231725424
7810,149,Mazandaran,NORTH_CASPIAN,36.647083,51.499844,-15.0,1,7393172,15.816067564779448,0.9657320872274144,VERY_HIGH,42669,810,752,28.341231338911157,28.0,14.0,43.0,0.0704961447420844,0.0704961447420844,0.1233682532986477,0.2807658956150835,0.4548735616020999,0.998766954377312,1.0,4,VERY_HIGH_DEMAND,1.3710913356315901,0.5148191381347524
7888,424,Isfahan,CENTER,32.776722,51.649837,1573.0,0,2,1.0986122886681098,0.0965732087227414,VERY_LOW,1,1,1,0.0,0.0,0.0,0.0,1.0,0.0,0.0,0.0,0.0,0.0012330456226880395,0.0013297872340425532,1,SPARSE_LOW_DEMAND_B,0.5148492971324804,0.7124855979042374
7896,987,Tehran,NORTH_CENTRAL,35.632957,51.201299,1109.0,0,36058,10.492911764814268,0.5981308411214953,MEDIUM,8328,781,752,12.03278097982709,8.0,3.0,17.0,0.2929875120076849,0.1904418828049952,0.2126560999039385,0.2070124879923151,0.0969020172910662,0.9630086313193588,1.0,3,ACTIVE_HIGH_DEMAND,0.5893009878666079,0.5667366355265785
7963,289,Razavi Khorasan,EAST,35.704033,59.848278,1401.0,0,2377,7.774015077250727,0.3302180685358255,LOW,1189,239,288,10.949537426408748,6.0,2.0,16.0,0.3406223717409588,0.208578637510513,0.1740958788898234,0.1993271656854499,0.0773759461732548,0.29469790382244143,0.3829787234042553,2,ACTIVE_MEDIUM_DEMAND,1.4146674688322416,0.47010369133507424
7992,424,Isfahan,CENTER,32.804729,51.693562,1570.0,0,2356,7.7651449029361315,0.3239875389408099,LOW,1174,362,598,8.771720613287904,5.0,1.0,14.0,0.424190800681431,0.1729131175468483,0.1678023850085178,0.1899488926746167,0.045144804088586,0.44636251541307026,0.7952127659574468,3,ACTIVE_HIGH_DEMAND,1.3344200738493317,0.517910731270971
8008,754,Gilan,NORTH_CASPIAN,37.2836,49.379486,-11.0,1,2,1.0986122886681098,0.0965732087227414,VERY_LOW,1,1,1,0.0,0.0,0.0,0.0,1.0,0.0,0.0,0.0,0.0,0.0012330456226880395,0.0013297872340425532,1,SPARSE_LOW_DEMAND_B,1.9834660528357344,0.5434259852403253
8043,149,Mazandaran,NORTH_CASPIAN,36.74823,51.03511,-22.0,1,401355,12.902604092993265,0.8130841121495327,VERY_HIGH,20735,784,752,18.078755727031588,15.0,7.0,27.0,0.1437665782493368,0.1376898963105859,0.2092114781769954,0.3175789727513865,0.1917530745116952,0.966707768187423,1.0,4,VERY_HIGH_DEMAND,1.6649425935201316,0.008307110367292547
8122,754,Gilan,NORTH_CASPIAN,37.25235,49.825085,-2.0,1,9946,9.205026277152411,0.4392523364485981,MEDIUM,3103,613,672,10.164034805027391,6.0,2.0,14.0,0.35256203673864,0.2033515952304221,0.1956171446986787,0.1801482436351917,0.0683209796970673,0.7558569667077681,0.8936170212765957,3,ACTIVE_HIGH_DEMAND,1.3834073770868174,0.4923442422584955
8139,149,Mazandaran,NORTH_CASPIAN,36.584385,51.686092,-22.0,1,34060,10.43590831373871,0.5856697819314641,MEDIUM,8580,755,752,13.243589743589745,9.0,3.0,19.0,0.2525641025641025,0.189044289044289,0.2097902097902098,0.2395104895104895,0.109090909090909,0.9309494451294698,1.0,3,ACTIVE_HIGH_DEMAND,1.128110202686743,0.432513769001598
8143,424,Isfahan,CENTER,32.573837,51.455849,1615.0,0,2,1.0986122886681098,0.0965732087227414,VERY_LOW,1,1,1,0.0,0.0,0.0,0.0,1.0,0.0,0.0,0.0,0.0,0.0012330456226880395,0.0013297872340425532,1,SPARSE_LOW_DEMAND_B,0.5847070911492123,0.7136629153281563
8216,754,Gilan,NORTH_CASPIAN,37.374146,49.758698,-11.0,1,34895,10.46012748844141,0.5919003115264797,MEDIUM,6767,738,748,11.940889611349194,8.0,3.0,17.0,0.2809221220629526,0.2036352889020245,0.2076252401359539,0.2184128860647258,0.0894044628343431,0.9099876695437731,0.9946808510638298,3,ACTIVE_HIGH_DEMAND,1.381768470456466,0.45450758999800206
8234,987,Tehran,NORTH_CENTRAL,35.50494,51.189137,1039.0,0,164,5.10594547390058,0.2305295950155763,LOW,111,54,79,4.297297297297297,2.0,1.0,4.5,0.7117117117117117,0.1081081081081081,0.0990990990990991,0.081081081081081,0.0,0.06658446362515413,0.10505319148936171,1,SPARSE_LOW_DEMAND_B,2.083302511411697,0.21144881898060033
8270,987,Tehran,NORTH_CENTRAL,35.634552,51.133152,1115.0,0,21261,9.964676720848551,0.5389408099688473,MEDIUM,5939,769,752,10.753662232699108,6.0,2.0,15.0,0.345849469607678,0.2020542178817982,0.1897625862939889,0.1816804175787169,0.0806533086378178,0.9482120838471023,1.0,3,ACTIVE_HIGH_DEMAND,0.6990413227014475,0.5825889417882855
8271,754,Gilan,NORTH_CASPIAN,37.422337,49.930534,-21.0,1,194122,12.176247257757865,0.7694704049844237,HIGH,16316,780,752,16.189323363569503,13.0,5.0,24.0,0.1747364550134837,0.1560431478303506,0.2184358911497916,0.2936994361363079,0.1570850698700661,0.9617755856966708,1.0,3,ACTIVE_HIGH_DEMAND,1.710561831765037,0.20503017368734938
8304,987,Tehran,NORTH_CENTRAL,35.754559,52.773872,1933.0,0,500189,13.122743305222617,0.8286604361370716,VERY_HIGH,20906,789,752,17.78637711661724,15.0,7.0,26.0,0.1433559743614273,0.1389553238304793,0.2146752128575528,0.3199081603367454,0.183105328613795,0.9728729963008631,1.0,3,ACTIVE_HIGH_DEMAND,1.839481219757843,0.15647660405029448
8375,754,Gilan,NORTH_CASPIAN,37.434215,49.878531,-24.0,1,425496,12.961013176441922,0.8193146417445483,VERY_HIGH,19349,779,752,17.80241872965011,14.0,6.0,26.0,0.1523592950540079,0.1426430306475787,0.2095198718280014,0.3039950385032818,0.19148276396713,0.9605425400739828,1.0,3,ACTIVE_HIGH_DEMAND,1.9161480011149636,0.05113241009602671
8377,289,Razavi Khorasan,EAST,34.355602,59.861969,778.0,0,2,1.0986122886681098,0.0965732087227414,VERY_LOW,1,1,1,0.0,0.0,0.0,0.0,1.0,0.0,0.0,0.0,0.0,0.0012330456226880395,0.0013297872340425532,0,SPARSE_LOW_DEMAND_A,0.5033968437853293,0.7318126274492381
8428,929,Alborz,NORTH_CENTRAL,35.846039,50.884048,1252.0,0,5247,8.565602330623925,0.3738317757009345,LOW,1856,595,648,8.650862068965518,4.0,1.0,11.0,0.4498922413793103,0.2101293103448276,0.1497844827586207,0.1217672413793103,0.068426724137931,0.7336621454993835,0.8617021276595744,3,ACTIVE_HIGH_DEMAND,1.246131206911207,0.5476634717988776
8445,987,Tehran,NORTH_CENTRAL,35.474312,51.675701,1021.0,0,60930,11.017497355384243,0.6292834890965732,HIGH,12783,760,752,14.271376046311508,10.0,4.0,21.0,0.2200578893843385,0.1764843933348979,0.2210748650551513,0.2594070249550184,0.1229758272705937,0.93711467324291,1.0,3,ACTIVE_HIGH_DEMAND,0.8069973073800317,0.4896753989877209
8503,424,Isfahan,CENTER,37.767738,45.836803,1278.0,0,144,4.976733742420574,0.2274143302180685,LOW,83,35,72,9.228915662650602,6.0,1.0,16.5,0.4096385542168674,0.144578313253012,0.144578313253012,0.2891566265060241,0.0120481927710843,0.04315659679408138,0.09574468085106383,3,ACTIVE_HIGH_DEMAND,3.356680407098607,0.2642769607908075
8504,987,Tehran,NORTH_CENTRAL,35.305553,51.722439,919.0,0,2,1.0986122886681098,0.0965732087227414,VERY_LOW,1,1,1,0.0,0.0,0.0,0.0,1.0,0.0,0.0,0.0,0.0,0.0012330456226880395,0.0013297872340425532,1,SPARSE_LOW_DEMAND_B,0.7031742436208012,0.6578021911180659
8545,149,Mazandaran,NORTH_CASPIAN,36.631439,52.252369,-19.0,1,3627217,15.103976521228605,0.9501557632398754,VERY_HIGH,35757,804,752,25.094471012668848,24.0,11.0,38.0,0.0841233884274407,0.0841233884274407,0.1469642307799871,0.3174483317951729,0.3673406605699583,0.9913686806411838,1.0,4,VERY_HIGH_DEMAND,0.6712316091589505,0.5159973063825376
8592,424,Isfahan,CENTER,32.668564,52.130466,1525.0,0,2,1.0986122886681098,0.0965732087227414,VERY_LOW,1,1,1,0.0,0.0,0.0,0.0,1.0,0.0,0.0,0.0,0.0,0.0012330456226880395,0.0013297872340425532,1,SPARSE_LOW_DEMAND_B,0.4982138205148316,0.6797379291960584
8593,424,Isfahan,CENTER,33.599468,51.228264,2430.0,0,2,1.0986122886681098,0.0965732087227414,VERY_LOW,1,1,1,0.0,0.0,0.0,0.0,1.0,0.0,0.0,0.0,0.0,0.0012330456226880395,0.0013297872340425532,1,SPARSE_LOW_DEMAND_B,1.0001240251901047,0.6478111813770737
8619,424,Isfahan,CENTER,32.629906,51.442719,1619.0,0,3504,8.16194579946869,0.35202492211838,LOW,1828,526,620,9.039387308533916,5.0,2.0,12.0,0.4070021881838074,0.2002188183807439,0.1816192560175054,0.1542669584245076,0.0568927789934354,0.6485819975339088,0.824468085106383,3,ACTIVE_HIGH_DEMAND,1.2740123889049073,0.5410812169669371
8628,424,Isfahan,CENTER,32.939987,50.139385,2540.0,0,17142,9.74934520600748,0.5077881619937694,MEDIUM,4614,713,718,10.54724750758561,7.0,3.0,15.0,0.318162115301257,0.2195491980927611,0.2043779800606848,0.1892067620286086,0.0687039445166883,0.8791615289765722,0.9547872340425532,3,ACTIVE_HIGH_DEMAND,1.4487656002200355,0.5166564526251428
8656,424,Isfahan,CENTER,32.319454,52.103912,1599.0,0,83,4.430816798843313,0.2149532710280373,LOW,59,22,44,6.6440677966101696,4.0,1.0,11.0,0.4915254237288136,0.1525423728813559,0.1694915254237288,0.1864406779661017,0.0,0.027127003699136867,0.05851063829787234,3,ACTIVE_HIGH_DEMAND,2.2965832506942983,0.24328024497181203
8682,490,Hormozgan,SOUTH,25.848217,54.653672,0.0,1,2,1.0986122886681098,0.0965732087227414,VERY_LOW,1,1,1,0.0,0.0,0.0,0.0,1.0,0.0,0.0,0.0,0.0,0.0012330456226880395,0.0013297872340425532,1,SPARSE_LOW_DEMAND_B,2.778784301784512,0.16395383897411736
8695,424,Isfahan,CENTER,33.58651,51.590858,2249.0,0,86014,11.36227697863114,0.6791277258566978,HIGH,14332,760,752,15.848799888361707,12.0,5.0,24.0,0.1865754953949204,0.1616662015071169,0.2157409991627128,0.2808400781468043,0.1551772257884454,0.93711467324291,1.0,3,ACTIVE_HIGH_DEMAND,1.396718515599276,0.3791900342212659
8699,987,Tehran,NORTH_CENTRAL,35.523815,51.355103,1009.0,0,2,1.0986122886681098,0.0965732087227414,VERY_LOW,1,1,1,0.0,0.0,0.0,0.0,1.0,0.0,0.0,0.0,0.0,0.0012330456226880395,0.0013297872340425532,1,SPARSE_LOW_DEMAND_B,0.7979644795553754,0.664930395683047
8715,490,Hormozgan,SOUTH,27.179347,56.278142,17.0,1,1917424,14.466493698029652,0.909657320872274,VERY_HIGH,38847,807,752,26.734599840399515,26.0,12.0,40.0,0.0774319767292197,0.0774319767292197,0.1352485391407316,0.2991736813653564,0.4107138260354725,0.9950678175092479,1.0,4,VERY_HIGH_DEMAND,3.3857975593815786,0.19380719033799904
8728,149,Mazandaran,NORTH_CASPIAN,36.317166,52.885947,221.0,1,2,1.0986122886681098,0.0965732087227414,VERY_LOW,1,1,1,0.0,0.0,0.0,0.0,1.0,0.0,0.0,0.0,0.0,0.0012330456226880395,0.0013297872340425532,1,SPARSE_LOW_DEMAND_B,1.33697573607857,0.4869055252216091
8738,929,Alborz,NORTH_CENTRAL,35.736645,50.899551,1203.0,0,21471,9.974505039771408,0.5420560747663551,MEDIUM,8085,770,752,12.152380952380952,8.0,3.0,17.0,0.2846011131725417,0.2004947433518862,0.2087816944959802,0.2102659245516388,0.095856524427953,0.9494451294697904,1.0,3,ACTIVE_HIGH_DEMAND,0.6035894967470941,0.5706944531242244
8789,424,Isfahan,CENTER,32.699741,51.103882,1882.0,0,6125,8.72029728739272,0.3894080996884735,LOW,3066,555,605,12.345075016307892,7.0,2.0,18.0,0.3150684931506849,0.1937377690802348,0.1839530332681017,0.1823222439660795,0.1249184605348988,0.6843403205918619,0.8045212765957447,3,ACTIVE_HIGH_DEMAND,1.0941520876775763,0.534055497656712
8837,149,Mazandaran,NORTH_CASPIAN,36.84795,50.790531,-19.0,1,133484,11.801744390959072,0.719626168224299,HIGH,13872,777,752,15.212226066897347,11.0,5.0,22.0,0.1980247981545559,0.1677479815455594,0.2203719723183391,0.2716262975778546,0.1422289504036908,0.9580764488286067,1.0,3,ACTIVE_HIGH_DEMAND,1.368287618446771,0.31992441721492665
8838,754,Gilan,NORTH_CASPIAN,37.132648,50.300255,-21.0,1,694383,13.450780400588163,0.8629283489096573,VERY_HIGH,23397,790,752,19.62059238363893,16.0,7.0,29.0,0.1278796426892336,0.1243749198615207,0.1970338077531307,0.3213232465700731,0.2293883831260418,0.9741060419235512,1.0,4,VERY_HIGH_DEMAND,1.522998358599695,0.16481040839027014
8840,149,Mazandaran,NORTH_CASPIAN,36.687219,52.572572,-22.0,1,128566,11.764205448213469,0.7165109034267912,HIGH,23506,762,752,20.06406874840466,17.0,8.0,30.0,0.1255849570322471,0.1221815706628094,0.1924614991916957,0.3186420488385944,0.2411299242746532,0.9395807644882861,1.0,4,VERY_HIGH_DEMAND,1.2719025827100825,0.21873795247842387
8856,987,Tehran,NORTH_CENTRAL,35.819401,51.637291,1662.0,0,1058219,13.872098809292464,0.8847352024922118,VERY_HIGH,31752,799,752,23.442554799697657,21.0,10.0,35.0,0.0947341899722852,0.0947341899722852,0.163517258755354,0.3252708490803729,0.3217435122197027,0.9852034525277436,1.0,4,VERY_HIGH_DEMAND,1.209650032459002,0.3248863040396741
8913,149,Mazandaran,NORTH_CASPIAN,36.113667,53.057751,569.0,1,101001,11.52289559760754,0.6947040498442367,HIGH,10831,775,752,12.988551380297295,9.0,4.0,19.0,0.2410673068045425,0.1882559320469024,0.2256486012371895,0.2449450650909426,0.1000830948204228,0.9556103575832305,1.0,3,ACTIVE_HIGH_DEMAND,1.336747480529241,0.40258881049137163
8930,424,Isfahan,CENTER,32.655102,51.759548,1561.0,0,2,1.0986122886681098,0.0965732087227414,VERY_LOW,1,1,1,0.0,0.0,0.0,0.0,1.0,0.0,0.0,0.0,0.0,0.0012330456226880395,0.0013297872340425532,1,SPARSE_LOW_DEMAND_B,0.5111869400210097,0.7070237690808129
8957,424,Isfahan,CENTER,33.701836,51.981644,995.0,0,201,5.308267697401205,0.2336448598130841,LOW,103,40,79,11.689320388349516,8.0,3.0,21.5,0.2718446601941747,0.2233009708737864,0.2427184466019417,0.1553398058252427,0.1067961165048543,0.04932182490752158,0.10505319148936171,3,ACTIVE_HIGH_DEMAND,1.7807682760988406,0.422499874162021
8978,149,Mazandaran,NORTH_CASPIAN,36.915989,50.662334,-10.0,1,26953082,17.10960824580798,0.9968847352024922,VERY_HIGH,44928,811,752,29.40142004985755,29.0,14.0,44.0,0.0669515669515669,0.0669515669515669,0.1171652421652421,0.2678062678062678,0.4811253561253561,1.0,1.0,4,VERY_HIGH_DEMAND,1.756279606492159,0.48946760935767675
8979,149,Mazandaran,NORTH_CASPIAN,36.482399,52.121132,118.0,1,677427,13.42605855302588,0.8598130841121495,VERY_HIGH,23104,793,752,19.4150796398892,16.0,7.0,29.0,0.1298476454293629,0.1270342797783933,0.1992295706371191,0.3178670360110803,0.2260214681440443,0.9778051787916153,1.0,4,VERY_HIGH_DEMAND,1.2863284546460534,0.18452181341844828
8999,424,Isfahan,CENTER,33.983395,51.432083,946.0,0,3313958,15.01365410513593,0.9470404984423676,VERY_HIGH,35349,804,752,25.09086537101474,23.0,11.0,38.0,0.0850943449602534,0.0850943449602534,0.1478401086310786,0.3161334125434948,0.3658377889049195,0.9913686806411838,1.0,4,VERY_HIGH_DEMAND,1.0638882134873437,0.41057771189491693
9059,929,Alborz,NORTH_CENTRAL,35.72472,50.952766,1218.0,0,1988958,14.503121944250095,0.9158878504672896,VERY_HIGH,39125,806,752,26.599079872204477,26.0,13.0,40.0,0.0768817891373802,0.0768817891373802,0.1345431309904153,0.3048945686900958,0.4067987220447284,0.9938347718865598,1.0,4,VERY_HIGH_DEMAND,1.343905077408037,0.4419680991879686
9062,754,Gilan,NORTH_CASPIAN,36.701328,49.790562,1366.0,1,2,1.0986122886681098,0.0965732087227414,VERY_LOW,1,1,1,0.0,0.0,0.0,0.0,1.0,0.0,0.0,0.0,0.0,0.0012330456226880395,0.0013297872340425532,1,SPARSE_LOW_DEMAND_B,1.6172181948688282,0.5867893570247196
9063,754,Gilan,NORTH_CASPIAN,37.603432,49.069382,19.0,1,154509,11.948014098144464,0.7476635514018691,HIGH,12376,764,752,15.328377504848094,12.0,5.0,23.0,0.2004686489980607,0.1658047834518422,0.2164673561732385,0.2708468002585649,0.1464124111182934,0.9420468557336621,1.0,3,ACTIVE_HIGH_DEMAND,1.7965564892029775,0.26191814646105044
9076,289,Razavi Khorasan,EAST,35.241646,60.621616,913.0,0,4,1.6094379124341005,0.1978193146417445,VERY_LOW,2,2,2,0.0,0.0,0.0,0.0,1.0,0.0,0.0,0.0,0.0,0.002466091245376079,0.0026595744680851063,0,SPARSE_LOW_DEMAND_A,0.8798838062423218,0.7283380839385707
9077,987,Tehran,NORTH_CENTRAL,36.011219,51.491228,2547.0,0,181530,12.109181717000643,0.7601246105919003,HIGH,17904,787,752,17.520330652368187,14.0,6.0,26.0,0.1649352100089365,0.1495755138516532,0.2083333333333333,0.285802055406613,0.1913538873994638,0.9704069050554871,1.0,3,ACTIVE_HIGH_DEMAND,1.6610367654806566,0.25151208679683046
9091,754,Gilan,NORTH_CASPIAN,36.883541,49.907143,1401.0,1,212026,12.264468904035311,0.778816199376947,HIGH,18627,791,752,17.878563375744886,15.0,6.0,27.0,0.1517689375637515,0.1389381006066462,0.2026628013099264,0.3132549524883234,0.1933752080313523,0.9753390875462392,1.0,3,ACTIVE_HIGH_DEMAND,1.784022534153197,0.09410382540170484
9150,289,Razavi Khorasan,EAST,36.209213,57.68232,972.0,0,80040,11.290294282372749,0.6666666666666666,HIGH,13982,781,752,15.035688742669146,11.0,5.0,22.0,0.2008296381061364,0.1644256901730796,0.2237162065512802,0.2780718066084966,0.132956658561007,0.9630086313193588,1.0,2,ACTIVE_MEDIUM_DEMAND,1.5248836556521759,0.3319500246369974
9220,490,Hormozgan,SOUTH,26.951206,55.587902,13.0,1,13535,9.513108081846005,0.4672897196261682,MEDIUM,4392,664,709,13.515255009107468,9.0,3.0,21.0,0.2848360655737705,0.1607468123861566,0.1901183970856102,0.2468123861566484,0.1174863387978142,0.8187422934648582,0.9428191489361702,2,ACTIVE_MEDIUM_DEMAND,2.483783801431137,0.17219078962965986
9221,490,Hormozgan,SOUTH,25.657701,57.785668,7.0,1,2,1.0986122886681098,0.0965732087227414,VERY_LOW,1,1,1,0.0,0.0,0.0,0.0,1.0,0.0,0.0,0.0,0.0,0.0012330456226880395,0.0013297872340425532,0,SPARSE_LOW_DEMAND_A,2.8839818270124744,0.20951020555228556
9308,289,Razavi Khorasan,EAST,35.687992,61.090454,671.0,0,8,2.19722457733622,0.2024922118380062,LOW,8,5,8,3.0,3.5,1.75,4.0,0.5,0.5,0.0,0.0,0.0,0.006165228113440197,0.010638297872340425,2,ACTIVE_MEDIUM_DEMAND,4.449774902590072,0.02188797872599245
9356,289,Razavi Khorasan,EAST,36.310432,59.575672,1003.0,0,24147932,16.999709344337706,0.9937694704049844,VERY_HIGH,45074,811,752,29.477126503083817,29.0,14.0,44.0,0.0667347029329546,0.0667347029329546,0.1167857301326707,0.2669388117318187,0.4828060522696011,1.0,1.0,4,VERY_HIGH_DEMAND,4.237346907646146,0.06984515614097583
9508,149,Mazandaran,NORTH_CASPIAN,36.678082,53.426044,25.0,1,11833,9.37873202323664,0.4641744548286604,MEDIUM,3468,678,712,11.60553633217993,7.0,3.0,17.0,0.3082468281430219,0.1980968858131488,0.2015570934256055,0.2061707035755478,0.0859284890426758,0.8360049321824907,0.9468085106382979,3,ACTIVE_HIGH_DEMAND,1.519565484746014,0.40126226775395446
9547,929,Alborz,NORTH_CENTRAL,35.939625,50.800458,1390.0,0,13813948,16.44118943671748,0.9813084112149532,VERY_HIGH,43907,811,752,28.906894117111168,29.0,14.0,44.0,0.0685084382900221,0.0685084382900221,0.1198897670075386,0.2740337531600884,0.4690596032523287,1.0,1.0,4,VERY_HIGH_DEMAND,1.8755119557444844,0.43651974088743545
9581,149,Mazandaran,NORTH_CASPIAN,36.878063,50.716972,-12.0,1,67088,11.113775375094828,0.6448598130841121,HIGH,11199,764,752,15.056701491204572,11.0,4.0,22.0,0.2142155549602643,0.1706402357353335,0.2143941423341369,0.2535047772122511,0.1472452897580141,0.9420468557336621,1.0,3,ACTIVE_HIGH_DEMAND,1.3014573780927992,0.3411510163497245
9600,289,Razavi Khorasan,EAST,34.351749,58.685711,1099.0,0,17523,9.771326648933789,0.514018691588785,MEDIUM,5321,740,750,11.569253899642923,7.0,2.0,17.0,0.319864687088893,0.1926329637286224,0.1960157865062958,0.199962413080248,0.0915241495959406,0.9124537607891492,0.9973404255319149,2,ACTIVE_MEDIUM_DEMAND,0.8290530934212904,0.4815990709565561
9647,424,Isfahan,CENTER,33.080444,50.158733,2409.0,0,13,2.6390573296152584,0.205607476635514,LOW,11,6,11,5.363636363636363,3.0,1.5,6.5,0.5454545454545454,0.2727272727272727,0.0909090909090909,0.0909090909090909,0.0,0.007398273736128237,0.014627659574468085,3,ACTIVE_HIGH_DEMAND,3.061379753828382,0.05291736708205324
9681,929,Alborz,NORTH_CENTRAL,35.908985,50.770387,1324.0,0,6987,8.851949671253948,0.4018691588785046,MEDIUM,3258,672,717,10.696132596685082,7.0,2.0,16.0,0.3388581952117864,0.2019643953345611,0.1835481890730509,0.2019643953345611,0.0736648250460405,0.8286066584463625,0.9534574468085106,3,ACTIVE_HIGH_DEMAND,0.6862166541882071,0.584281993056453
9704,987,Tehran,NORTH_CENTRAL,35.367657,51.242989,961.0,0,3517,8.165647925297504,0.3551401869158878,LOW,1513,410,684,12.470588235294118,7.0,2.0,19.0,0.3344348975545274,0.1725049570389953,0.1685393258426966,0.2181097157964309,0.1064111037673496,0.5055487053020962,0.9095744680851063,3,ACTIVE_HIGH_DEMAND,0.6813815885640374,0.5549965623573649
9749,424,Isfahan,CENTER,32.470348,51.461384,1662.0,0,391,5.971261839790462,0.2461059190031152,LOW,165,47,132,17.527272727272727,9.0,4.0,32.0,0.2424242424242424,0.1636363636363636,0.2303030303030303,0.0909090909090909,0.2727272727272727,0.05795314426633785,0.17553191489361702,3,ACTIVE_HIGH_DEMAND,2.3003664293993444,0.30268423918560133
9767,490,Hormozgan,SOUTH,26.59618,54.936573,8.0,1,2,1.0986122886681098,0.0965732087227414,VERY_LOW,1,1,1,0.0,0.0,0.0,0.0,1.0,0.0,0.0,0.0,0.0,0.0012330456226880395,0.0013297872340425532,1,SPARSE_LOW_DEMAND_B,2.6754428964456487,0.13211094917728727
9770,149,Mazandaran,NORTH_CASPIAN,36.653988,51.424469,10.0,1,8506528,15.956344544256222,0.968847352024922,VERY_HIGH,43134,811,752,28.54075671164279,28.0,14.0,43.0,0.0697361710019938,0.0697361710019938,0.1220382992534891,0.2787592154680762,0.459730143274447,1.0,1.0,4,VERY_HIGH_DEMAND,1.4104117686703865,0.5129648430307483
9806,289,Razavi Khorasan,EAST,36.304298,59.376328,1317.0,0,92945,11.43977395833442,0.6853582554517134,HIGH,14044,781,752,15.341996582170324,11.0,5.0,23.0,0.2005126744517231,0.167188835089718,0.2144688123041868,0.2695101110794645,0.1483195670749074,0.9630086313193588,1.0,2,ACTIVE_MEDIUM_DEMAND,1.6683803721800816,0.4477142930024489
9814,754,Gilan,NORTH_CASPIAN,37.466705,49.4627,-23.0,1,10995735,16.213018119248613,0.9781931464174456,VERY_HIGH,43291,810,752,28.61331454574854,28.0,14.0,43.0,0.0694832644198563,0.0694832644198563,0.1215957127347485,0.2777251622739137,0.4617125961516251,0.998766954377312,1.0,4,VERY_HIGH_DEMAND,1.9016464262909698,0.46115045913517283
9879,754,Gilan,NORTH_CASPIAN,36.97464,50.554722,-4.0,1,827917,13.6266693946468,0.8753894080996885,VERY_HIGH,26314,800,752,21.3187276734818,18.0,8.0,32.0,0.1135897241012388,0.1110055483772896,0.1820703807858934,0.3179676217982823,0.2753667249372957,0.9864364981504316,1.0,4,VERY_HIGH_DEMAND,1.1047967688934979,0.32962638862900046
9880,424,Isfahan,CENTER,32.771557,50.626858,2124.0,0,331345,12.710918425616136,0.8006230529595015,VERY_HIGH,20301,762,752,18.605536673070294,16.0,7.0,28.0,0.1400423624451997,0.131816166691296,0.2009753214127383,0.3183587015417959,0.20880744790897,0.9395807644882861,1.0,3,ACTIVE_HIGH_DEMAND,1.9827470446931077,0.13202034711318872
9899,987,Tehran,NORTH_CENTRAL,35.621708,52.150127,1922.0,0,79605,11.2848447458762,0.6635514018691588,HIGH,11500,778,752,14.526521739130434,10.0,4.0,21.0,0.2225217391304347,0.1712173913043478,0.2191304347826086,0.254695652173913,0.1324347826086956,0.9593094944512947,1.0,3,ACTIVE_HIGH_DEMAND,1.0840368069212707,0.4583168735881466
9936,289,Razavi Khorasan,EAST,34.795189,60.507618,1110.0,0,2,1.0986122886681098,0.0965732087227414,VERY_LOW,1,1,1,0.0,0.0,0.0,0.0,1.0,0.0,0.0,0.0,0.0,0.0012330456226880395,0.0013297872340425532,0,SPARSE_LOW_DEMAND_A,0.787441656787323,0.7348083558037013
9951,754,Gilan,NORTH_CASPIAN,36.80666,49.418976,231.0,1,529238,13.179195404652637,0.838006230529595,VERY_HIGH,21885,792,752,18.802056202878685,16.0,7.0,28.0,0.1359378569796664,0.1305460360977838,0.2024217500571167,0.3229152387480009,0.208179118117432,0.9765721331689272,1.0,4,VERY_HIGH_DEMAND,1.8464254766443362,0.0521549390043911
